index	isL5IT
SM-DAIG7_S84	0
SM-D9D8H_S26	0
SM-D9E66_S19	0
SM-DD43L_S48	1
SM-DAIFC_S28	0
SM-DAIG7_S46	1
SM-D9EQM_S45	1
SM-DAIGV_S32	0
SM-D9D7W_S48	0
SM-D9E5X_S45	0
SM-DAIGL_S11	1
SM-D9D8H_S47	0
SM-D9D87_S12	0
SM-D9D8I_S54	0
SM-D9D8K_S06	0
SM-DAIFH_S08	1
SM-DAIHC_S45	1
SM-DAIFI_S15	1
LS-15501_S26	0
SM-DAIG4_S13	1
SM-D9E5Q_S08	1
SM-DAIG4_S46	0
LS-15520_S16	1
SM-D9E5W_S11	1
SM-DAIFC_S64	0
LS-15533_S15	0
SM-D9D8H_S08	0
SM-GE666_S079	0
SM-DAIG5_S44	0
SM-GE668_S003	0
SM-DAIFB_S18	0
SM-DAIG8_S66	0
SM-D9EQT_S60	1
SM-DAIGP_S03	0
SM-DAIH5_S51	0
SM-DD43N_S13	1
LS-15520_S35	1
SM-DAIG9_S64	0
SM-D9E5T_S69	0
SM-DAIH5_S06	1
SM-DAIGX_S08	0
SM-DAIGR_S12	0
SM-DAIGW_S09	0
SM-D9D8G_S08	0
SM-DAIG4_S40	0
SM-D9E5R_S49	0
SM-DAIFI_S66	0
LS-15526_S93	1
SM-DD43N_S12	1
SM-DAIGW_S17	0
LS-15520_S50	1
LS-15524_S16	1
SM-D9EQM_S66	0
SM-GE63K_S074	0
SM-D9D7V_S36	0
SM-DAIG7_S72	1
SM-D9D85_S29	0
SM-DAIGV_S04	1
SM-DAIG4_S87	0
SM-D9D7X_S42	0
SM-DAIHC_S61	1
SM-D9E5T_S73	1
SM-DAIG4_S38	0
LS-15526_S85	1
SM-D9E5E_S27	0
LS-15521_S01	1
SM-D9E5T_S70	0
LS-15520_S46	1
LS-15520_S08	1
SM-GE66H_S168	0
SM-D9D8O_S18	0
SM-DAIG5_S48	0
SM-DAIHG_S76	0
SM-DD44N_S56	1
SM-D9E5E_S40	0
SM-DAIG6_S49	0
LS-15526_S70	1
SM-D9D87_S09	0
SM-GE8ZO_S062	0
SM-D9E5T_S74	1
SM-DAIGV_S46	0
SM-DD44Q_S66	0
SM-D9EQS_S90	0
SM-D9D8C_S81	0
SM-DAIFA_S36	1
SM-DAIGJ_S13	0
SM-DAIG8_S31	0
LS-15524_S69	1
SM-DAIG7_S41	0
SM-D9CZT_S04	1
LS-15522_S02	1
LS-15524_S72	1
SM-DAIH5_S01	0
SM-DAIHG_S45	1
SM-GE631_S002	0
SM-DAIFI_S22	1
SM-D9E5E_S08	1
SM-DAIFU_S12	0
SM-DAIFU_S34	0
SM-DD44R_S59	0
SM-D9D8D_S04	0
SM-D9EQF_S05	1
SM-D9D8H_S03	0
SM-D9D8D_S20	0
SM-D9D8E_S34	1
SM-GE66H_S175	0
LS-15520_S37	0
SM-D9EQM_S51	1
LS-15532_S06	1
SM-DAIGJ_S44	1
SM-D9D7Y_S32	0
SM-GE659_S016	0
SM-GE668_S002	0
SM-DAIGW_S31	1
LS-15501_S75	1
SM-DAIFA_S40	0
SM-DAIGV_S24	1
SM-GE66H_S184	0
SM-DAIFV_S45	0
LS-15510_S29	0
SM-D9D87_S11	0
LS-15520_S07	1
LS-15520_S33	1
LS-15501_S85	1
SM-DAIH5_S07	0
SM-D9D8O_S32	0
SM-DAIFA_S34	0
SM-GE66H_S164	0
SM-D9E67_S53	1
SM-DAIG8_S27	0
SM-DAIGY_S15	1
SM-D9D7V_S60	0
SM-GE63U_S032	0
SM-DAIG9_S25	0
SM-D9E5T_S08	0
SM-GE66H_S166	0
SM-DAIG7_S61	1
SM-D9E5W_S37	0
SM-DAIFV_S63	0
SM-DAIG9_S12	1
SM-D9D7X_S83	0
SM-D9D87_S03	0
SM-DAIFA_S38	0
SM-GE63U_S012	0
LS-15533_S16	1
SM-GE666_S070	0
SM-DAIHE_S49	1
SM-DAIHD_S08	1
SM-DD44S_S87	0
SM-D9E6R_S32	0
SM-DAIGU_S50	0
SM-D9E66_S17	0
SM-DAIGL_S37	0
SM-D9E5S_S77	1
SM-D9EQI_S33	0
LS-15396_S74	0
SM-DD44B_S69	1
SM-DAIGK_S64	1
SM-D9D8C_S91	0
SM-DAIFR_S03	0
SM-DAIG8_S13	1
LS-15532_S61	1
SM-DAIGL_S72	0
SM-D9EQM_S33	0
SM-DAIFV_S53	0
SM-D9EQM_S80	1
SM-DAIFC_S01	0
SM-DAIFC_S39	0
SM-DAIHE_S50	1
SM-D9D8I_S74	0
SM-GE65R_S156	0
SM-DAIG8_S43	0
SM-GE666_S072	0
SM-DAIG5_S60	0
SM-DAIG4_S43	0
LS-15500_S23	0
SM-DAIG9_S24	0
SM-DAIG4_S88	0
SM-DAIGK_S12	1
SM-DAIGJ_S09	0
SM-DAIGQ_S03	0
SM-D9E5N_S13	1
SM-DAIGA_S13	0
SM-DAIGQ_S06	0
LS-15524_S14	1
SM-D9EQK_S57	0
SM-DAIFC_S33	0
SM-DAIGX_S06	0
SM-DD43R_S41	1
SM-D9EQK_S60	1
SM-DAIFH_S03	1
SM-D9E5E_S25	0
LS-15526_S96	1
LS-15398_S21	0
SM-DAIFU_S25	0
SM-DAIG6_S64	0
SM-DAIGL_S08	0
SM-D9E67_S43	0
SM-DAIHC_S37	1
LS-15520_S40	1
LS-15534_S14	1
LS-15526_S65	1
SM-DAIFI_S16	1
SM-DAIG7_S76	1
SM-DAIGJ_S01	0
SM-DAIG7_S68	1
SM-DAIG5_S49	0
LS-15500_S32	1
SM-D9D7W_S17	0
SM-DD44P_S60	0
SM-D9D6R_S06	0
SM-DAIG7_S85	1
SM-DAIG9_S08	0
LS-15532_S45	1
LS-15501_S37	1
SM-DAIGA_S11	1
SM-DAIG4_S15	1
SM-GE666_S068	0
SM-D9D7X_S59	0
SM-DAIFU_S36	0
SM-DAIFH_S63	0
SM-DAIGW_S51	0
SM-D9E67_S46	0
LS-15534_S07	1
SM-GE8ZO_S061	0
SM-DAIFU_S01	0
SM-DAIG7_S81	1
SM-GE65R_S154	0
SM-DAIFC_S25	0
SM-DAIG7_S82	1
LS-15501_S42	0
SM-GE63U_S034	0
SM-D9D6R_S04	0
SM-D9EQM_S64	1
LS-15522_S60	1
LS-15526_S84	1
SM-D9D7W_S55	0
SM-D9E5N_S42	0
SM-GE65R_S178	0
SM-D9D7W_S03	0
SM-GE65R_S179	0
LS-15510_S14	1
SM-D9D6R_S28	0
SM-DAIGY_S04	1
SM-DAIGL_S02	1
SM-D9EQU_S89	1
SM-DAIFH_S15	1
SM-DAIFC_S55	0
SM-D9D86_S40	0
SM-D9D7Y_S01	0
SM-GE63U_S037	0
SM-DAIG7_S70	0
LS-15395_S46	1
SM-D9EQD_S29	0
SM-D9D8D_S17	0
SM-D9D8D_S21	0
SM-DD44P_S55	0
SM-DAIG4_S44	0
SM-DD44S_S82	0
SM-DAIG4_S42	0
LS-15532_S43	1
LS-15520_S02	1
SM-D9EQE_S58	0
LS-15532_S52	1
SM-GE666_S092	0
SM-D9D8I_S41	0
SM-D9D8R_S48	1
SM-DAIGL_S28	0
SM-GE66H_S188	0
LS-15524_S10	1
SM-GE63U_S103	0
SM-DD44P_S58	0
SM-D9D8I_S49	0
SM-DD44R_S71	0
LS-15522_S53	0
SM-GE66H_S189	0
SM-DAIFH_S09	1
SM-DAIG6_S46	0
SM-DAIGU_S18	1
SM-DD43Q_S76	1
SM-GE65A_S136	0
SM-GE63U_S016	0
LS-15524_S12	1
SM-DAIFS_S09	0
LS-15501_S33	1
SM-DD43M_S43	1
SM-D9E5T_S81	1
LS-15396_S56	1
LS-15521_S16	1
SM-GE63U_S114	0
LS-15522_S15	1
SM-GE65R_S155	0
SM-GE666_S093	0
SM-GE65R_S177	0
SM-D9E6R_S28	0
SM-DAIFT_S19	0
SM-DD44P_S61	0
SM-DAIG7_S80	1
LS-15521_S03	1
SM-D9EQU_S95	1
SM-DAIGW_S52	1
SM-D9EQK_S02	0
SM-DAIFH_S11	1
SM-D9EQM_S48	1
SM-DAIFT_S27	0
SM-GE63U_S024	0
SM-DAIFA_S41	0
SM-DAIHG_S84	1
SM-DAIGL_S32	0
SM-GE631_S011	0
SM-D9D7X_S50	0
SM-DAIFH_S13	1
LS-15524_S87	1
SM-DAIGV_S13	1
SM-DAIHC_S38	1
LS-15522_S01	1
SM-DAIG6_S43	0
SM-D9D7W_S18	0
SM-D9E5N_S53	0
SM-GE65R_S187	0
SM-DAIG4_S81	0
SM-D9E5T_S95	1
SM-D9D7Y_S40	0
SM-DAIFR_S39	0
SM-D9E5O_S17	1
SM-DAIFV_S41	0
SM-DD44S_S89	0
SM-D9EQC_S15	0
SM-D9EQH_S48	0
SM-DD44D_S58	1
SM-D9D8R_S42	1
SM-GE66H_S173	0
SM-D9ER5_S04	1
SM-DAIG9_S10	0
SM-GE631_S016	0
SM-DD43R_S55	1
SM-DAIGR_S44	0
SM-DAIG9_S13	0
SM-GE666_S064	0
SM-DAIH6_S27	0
SM-DAIG7_S83	1
SM-DAIGK_S49	0
SM-DAIFH_S57	0
LS-15521_S42	1
LS-15524_S74	1
SM-D9D8H_S56	0
LS-15510_S37	0
SM-GE8ZO_S058	0
SM-DD43Q_S45	1
SM-D9ER5_S16	1
SM-DD44B_S68	1
SM-D9E5R_S44	0
SM-D9D8O_S11	0
SM-DAIFT_S48	0
SM-D9D7V_S19	0
SM-D9E5E_S06	1
SM-DD43M_S30	1
SM-DAIG5_S61	0
SM-DAIFW_S79	0
SM-DD44O_S06	1
SM-GE65I_S137	0
SM-GE63U_S025	0
SM-D9D6R_S16	0
LS-15524_S17	1
SM-DAIFU_S31	0
SM-D9E5E_S09	1
SM-D9D8G_S33	0
SM-D9EQH_S54	0
SM-DAIG7_S52	0
LS-15510_S01	1
LS-15524_S09	1
SM-D9D8G_S19	0
SM-D9D8D_S23	0
SM-DAIGA_S18	0
SM-DAIFU_S35	0
SM-GE666_S057	0
SM-D9E5T_S09	1
SM-DAIFU_S28	0
SM-D9EQD_S18	1
SM-DAIG6_S29	0
SM-GE66H_S160	0
SM-DAIHG_S65	1
SM-D9E5T_S82	1
SM-DAIFU_S10	0
SM-D9EQM_S82	1
SM-DD44Q_S70	0
SM-DAIFC_S30	0
SM-DD43R_S54	1
LS-15510_S25	0
SM-DAIGX_S12	0
SM-DAIGX_S09	0
LS-15395_S50	1
SM-DAIGL_S30	0
SM-DAIGA_S17	0
SM-D9D7W_S16	0
SM-DAIGA_S48	0
SM-DD44Q_S72	0
SM-D9E5E_S03	1
SM-DAIG4_S93	0
SM-DAIFV_S52	0
SM-DAIFW_S82	0
SM-GE659_S011	0
LS-15398_S18	0
SM-D9E67_S41	0
SM-DAIGX_S23	0
SM-D9E5E_S15	1
SM-GE63U_S021	0
SM-D9EQU_S65	1
SM-DAIGQ_S08	0
SM-GE63U_S119	0
SM-DAIFI_S74	0
SM-DAIFU_S32	0
SM-D9D87_S02	0
SM-D9E5O_S37	0
SM-GE63U_S018	0
SM-DAIG7_S40	0
LS-15521_S48	1
SM-D9E5E_S41	0
SM-D9D7W_S70	0
SM-D9D8Q_S08	0
SM-GE63U_S115	0
SM-D9D86_S38	0
SM-D9EQI_S35	0
LS-15533_S11	1
SM-D9E5Q_S10	0
SM-DAIG6_S25	1
SM-DAIG4_S50	0
SM-DAIHG_S73	1
SM-GE666_S077	0
SM-DAIG5_S65	0
SM-DD44O_S10	1
LS-15510_S36	0
SM-D9D8I_S53	0
SM-D9D8D_S07	0
SM-DAIG7_S74	1
SM-GE65R_S164	0
LS-15510_S24	0
SM-DAIG9_S72	1
LS-15524_S62	1
SM-GE63K_S081	0
SM-GE668_S001	0
SM-DAIFS_S24	0
SM-DAIFI_S08	0
SM-DAIG6_S52	0
SM-DAIFT_S11	1
SM-D9E5T_S21	0
SM-DAIG6_S37	0
SM-DD44P_S54	0
SM-GE66H_S153	0
SM-D9D7B_S11	1
SM-DD44B_S61	1
SM-D9D8J_S02	0
SM-DD43R_S57	1
SM-D9D8P_S49	0
SM-D9E5E_S47	0
LS-15398_S32	0
SM-D9D8Q_S15	0
SM-DD43L_S47	1
SM-D9E4M_S26	0
SM-D9D6R_S39	0
SM-D9E5S_S03	1
SM-D9CZT_S05	1
SM-DD43Q_S78	0
SM-D9E5T_S57	0
SM-D9E5W_S28	0
LS-15520_S42	0
SM-D9D7G_S02	1
SM-DAIFB_S29	0
SM-DAIFW_S88	0
LS-15510_S31	0
SM-D9D7W_S84	0
SM-D9D8I_S40	0
SM-DAIG4_S21	1
SM-D9D7X_S86	0
SM-DAIGX_S01	0
SM-D9D7V_S33	0
SM-D9D7V_S16	1
SM-DAIFV_S61	0
SM-DAIGK_S72	1
SM-DAIFT_S26	0
SM-DAIGQ_S33	1
SM-DD44O_S04	1
SM-GE666_S065	0
SM-DAIG4_S92	0
SM-DAIFU_S39	0
SM-DAIGK_S37	0
SM-DAIFW_S53	1
SM-D9E5S_S75	1
SM-D9D8I_S52	0
SM-DAIHG_S68	1
SM-GE659_S012	0
SM-D9E5S_S05	0
SM-DD43R_S46	1
SM-DAIFU_S15	0
SM-DAIFT_S21	0
SM-GE63U_S027	0
SM-D9D8I_S51	1
SM-D9D7Y_S33	0
SM-DAIGW_S07	0
SM-D9D8H_S25	0
SM-DAIHC_S52	1
SM-DAIH6_S50	0
LS-15524_S58	1
SM-DAIHG_S89	1
SM-DAIG9_S21	0
SM-D9D8J_S03	0
LS-15396_S88	0
SM-D9EQH_S62	0
LS-15510_S35	0
SM-D9E5W_S19	0
SM-D9E5X_S53	0
SM-D9E66_S05	0
LS-15522_S50	1
SM-D9EQM_S81	1
SM-DAIG7_S38	0
SM-D9D8C_S82	0
SM-D9ER5_S12	1
SM-D9D7W_S52	0
SM-D9E5U_S14	0
SM-D9D7X_S45	0
SM-D9E5U_S01	1
SM-D9EQJ_S47	0
SM-D9D8G_S05	0
SM-D9E5R_S72	0
SM-D9D8G_S47	0
SM-DD43Q_S63	1
SM-D9E67_S56	0
SM-D9E66_S76	0
SM-DAIGR_S39	1
SM-D9EQT_S36	0
SM-D9D85_S39	0
SM-DAIGA_S72	0
SM-DAIGR_S48	0
SM-DAIGA_S04	1
SM-DAIGA_S56	0
SM-GE63U_S102	0
SM-DD43R_S30	1
SM-D9D85_S02	0
SM-D9D8Q_S21	0
SM-D9D7W_S05	0
SM-D9E5N_S32	1
SM-D9E5E_S02	1
LS-15524_S73	1
SM-DAIHC_S57	1
SM-DD44P_S53	0
SM-D9D7V_S10	0
SM-DAIGX_S27	1
SM-DAIH5_S49	0
SM-DAIFU_S05	0
SM-DAIFV_S51	0
SM-D9E5S_S90	0
SM-GE66H_S161	0
SM-DAIG8_S20	0
SM-D9E67_S48	0
SM-DAIG7_S54	1
LS-15520_S03	1
SM-GE659_S014	0
SM-DAIG5_S69	0
SM-DD43S_S66	1
SM-D9D7Y_S08	1
SM-D9EQU_S94	1
SM-DAIGL_S09	0
LS-15521_S43	0
SM-D9D85_S38	0
SM-D9EQJ_S03	0
SM-DAIG4_S47	0
LS-15526_S67	1
LS-15510_S30	0
SM-D9E5T_S42	0
SM-D9EQI_S27	0
SM-D9E5W_S18	0
SM-DD443_S42	1
SM-D9E5X_S35	0
SM-DAIHE_S53	1
SM-DAIGL_S33	0
SM-DAIFC_S15	0
SM-D9EQU_S81	1
SM-D9EQI_S28	0
SM-DAIG4_S33	0
SM-DAIG4_S91	0
SM-DAIG9_S62	1
LS-15522_S03	1
SM-GE65I_S118	0
SM-GE65I_S113	0
SM-DAIGA_S06	1
LS-15520_S09	1
SM-D9EQM_S67	0
LS-15526_S95	1
SM-DAIG7_S48	0
SM-D9D7Q_S26	1
SM-DAIFA_S48	0
LS-15501_S30	1
LS-15520_S48	0
SM-DAIFH_S22	1
SM-DAIG8_S30	0
SM-GE66H_S181	0
LS-15522_S55	1
SM-DD44A_S88	1
SM-D9D7Q_S31	1
SM-DAIG6_S17	0
SM-GE65I_S122	0
SM-DAIFI_S12	1
LS-15524_S79	1
SM-DAIG7_S87	0
SM-DD44P_S64	0
SM-DAIHD_S05	1
SM-DD43Q_S47	1
SM-DD43M_S45	1
SM-D9D87_S32	0
SM-D9D87_S23	0
SM-D9E5S_S86	1
SM-GE63U_S039	0
SM-D9E5X_S49	0
LS-15510_S06	1
SM-DAIGQ_S14	0
SM-DD43R_S28	1
SM-DAIGR_S25	0
SM-DAIFT_S06	0
SM-DAIH5_S45	0
SM-DAIFC_S36	0
SM-DAIFT_S01	0
SM-D9D8C_S13	0
SM-DAIGV_S47	0
SM-DAIG6_S19	0
SM-D9D84_S22	1
SM-D9D7Y_S22	0
SM-GE65I_S101	0
SM-DD44P_S56	0
SM-DD44P_S57	0
SM-DAIGA_S07	1
SM-DAIG7_S93	1
SM-DAIGK_S30	0
SM-DAIFH_S18	1
SM-D9D8C_S94	0
SM-DAIFU_S03	0
SM-DAIGR_S50	0
SM-DAIGW_S53	1
SM-DD44Q_S80	0
SM-DAIGW_S02	0
SM-D9D85_S46	0
SM-D9D7Q_S29	1
LS-15396_S58	1
LS-15500_S22	0
SM-DAIHE_S55	1
LS-15533_S09	1
SM-D9E5N_S93	1
SM-GE63K_S077	0
SM-GE668_S014	0
SM-D9E5U_S18	1
SM-GE65R_S126	0
SM-D9EQK_S19	1
SM-D9E5S_S95	1
SM-D9E5W_S21	0
SM-D9EQU_S67	1
SM-DAIGW_S05	0
SM-DAIG9_S70	1
LS-15396_S57	1
SM-D9D8H_S32	0
LS-15534_S09	1
SM-D9E5V_S10	1
SM-DAIG4_S26	1
LS-15522_S54	1
SM-DAIFH_S14	0
SM-D9D8Q_S19	0
SM-DAIFU_S30	0
SM-DAIGK_S56	0
SM-D9D8H_S51	0
SM-GE8ZO_S052	0
LS-15396_S63	1
SM-D9D85_S07	0
LS-15521_S36	1
SM-DAIHG_S50	1
SM-D9D8I_S80	0
SM-D9D8C_S16	0
SM-GE63U_S112	0
SM-D9E5E_S05	1
LS-15396_S42	1
LS-15522_S61	1
SM-DAIHE_S45	1
SM-D9EQH_S56	0
SM-GE8ZO_S054	0
LS-15521_S12	1
SM-DAIFU_S09	0
SM-D9D8O_S14	0
SM-D9E5T_S90	0
SM-D9EQH_S64	0
SM-DAIGL_S03	1
LS-15521_S06	1
SM-DAIGA_S10	1
SM-DD44A_S95	1
SM-GE65I_S143	0
LS-15526_S87	1
SM-D9E67_S85	0
SM-GE65I_S131	0
LS-15501_S76	1
SM-D9D6R_S35	0
SM-D9E5N_S36	0
SM-DD43L_S41	1
LS-15524_S22	1
SM-DD44Q_S68	0
SM-DAIFT_S04	1
SM-DAIHD_S62	1
LS-15525_S05	0
SM-DAIGX_S46	1
SM-DD43R_S53	1
SM-D9D86_S35	0
SM-GE63U_S004	0
LS-15524_S13	1
SM-DAIGA_S27	1
SM-GE668_S004	0
SM-D9EQL_S13	1
SM-DAIFI_S20	1
SM-DAIFB_S37	0
SM-DAIGV_S18	1
LS-15532_S46	1
SM-GE631_S009	0
SM-DAIFU_S13	0
LS-15533_S02	1
SM-DD44S_S91	0
SM-D9D86_S20	0
SM-DAIG6_S07	0
SM-DD43M_S31	1
SM-DAIFC_S02	0
SM-D9E4M_S30	0
SM-DD44Q_S69	0
SM-DAIGV_S44	0
SM-DAIG4_S85	0
SM-D9E5U_S12	0
SM-DAIFV_S47	0
SM-DAIGK_S27	0
SM-DAIFW_S68	0
SM-DAIGR_S24	0
SM-DAIGQ_S40	1
SM-D9D8H_S48	1
SM-DAIG7_S58	1
SM-DAIGR_S41	0
SM-DAIGX_S05	0
SM-DAIFU_S38	0
SM-DAIGR_S21	0
SM-DAIFH_S02	1
SM-DAIG4_S41	0
SM-DAIGU_S44	1
SM-DD44O_S13	1
SM-DAIGA_S24	0
SM-DAIG4_S56	0
LS-15526_S83	1
SM-DAIHC_S46	1
SM-GE63U_S035	0
SM-D9D7X_S85	0
SM-D9E5E_S31	0
SM-D9E5E_S29	0
SM-D9EQC_S11	0
SM-GE63U_S110	0
LS-15522_S62	0
SM-GE631_S109	0
SM-D9D8Q_S20	0
SM-DAIG8_S65	0
SM-DAIGQ_S12	0
SM-GE65A_S133	0
LS-15395_S48	1
SM-D9E6R_S47	0
LS-15396_S81	1
SM-D9E5O_S47	0
LS-15501_S78	1
SM-D9D8K_S29	0
SM-DAIFU_S33	0
SM-DAIG5_S52	0
SM-DAIGL_S57	0
SM-D9D7V_S38	0
SM-DAIFI_S14	1
SM-GE659_S004	0
LS-15522_S13	1
LS-15532_S53	1
SM-DAIGP_S05	1
SM-DAIGP_S07	1
SM-DAIFH_S12	1
SM-GE631_S006	0
LS-15521_S04	1
SM-DD43R_S65	1
SM-DAIGX_S28	1
SM-D9EQF_S03	1
SM-D9D8H_S38	1
SM-D9D86_S12	0
SM-GE666_S095	0
SM-D9ER5_S06	1
SM-D9D7Q_S17	1
LS-15500_S28	1
SM-D9D8Q_S22	0
SM-GE66H_S191	0
LS-15500_S24	1
LS-15396_S52	1
SM-GE666_S078	0
SM-DAIG7_S60	1
SM-DAIH5_S04	1
SM-D9EQF_S22	0
SM-D9EQK_S59	1
SM-DAIH5_S08	1
SM-DAIFH_S07	1
SM-DAIFS_S63	0
SM-DAIFS_S47	1
SM-DAIG5_S67	0
SM-D9E5O_S45	0
SM-D9D7Y_S14	1
LS-15524_S78	1
LS-15521_S02	1
SM-D9D7Y_S29	0
SM-GE8ZO_S064	0
SM-GE63U_S020	0
SM-DAIG7_S62	1
SM-GE63U_S036	0
SM-DAIHG_S59	1
SM-DD44O_S15	1
LS-15510_S32	0
LS-15524_S23	1
SM-D9EQJ_S09	0
SM-DAIFT_S03	1
SM-GE63U_S013	0
LS-15526_S75	1
SM-GE66H_S174	0
SM-DAIFW_S72	0
LS-15521_S37	1
SM-D9EQT_S58	1
SM-DAIHC_S49	1
SM-DAIG4_S36	0
SM-D9E5S_S35	0
SM-D9ER5_S03	0
SM-D9D8R_S31	1
LS-15524_S80	1
SM-DAIGL_S68	0
SM-DAIFV_S59	0
LS-15532_S62	1
SM-DAIG7_S57	1
SM-D9E66_S20	0
LS-15533_S04	1
SM-D9EQU_S69	1
LS-15520_S43	1
LS-15521_S10	1
SM-DAIHC_S60	1
LS-15526_S73	1
SM-D9D7Y_S30	0
SM-DD443_S43	1
SM-GE65I_S099	0
SM-DAIFR_S42	0
LS-15500_S27	1
SM-D9EQM_S37	1
SM-DAIGA_S26	0
SM-D9E5S_S79	1
SM-D9E66_S23	0
SM-DAIG6_S57	0
SM-GE659_S015	0
SM-DAIFV_S44	0
SM-GE65I_S142	0
SM-D9D7V_S40	0
SM-DAIG7_S92	0
SM-D9D8Q_S02	0
SM-DD443_S60	1
SM-DAIG4_S45	0
SM-DAIG4_S34	0
SM-D9E66_S16	0
SM-D9E67_S84	0
SM-DD43R_S64	1
SM-DAIGL_S70	0
SM-D9E5E_S16	1
SM-DAIHE_S43	1
SM-DAIH5_S56	0
SM-DAIG8_S42	0
SM-GE668_S010	0
SM-D9E5T_S58	0
LS-15510_S16	1
LS-15524_S49	1
SM-DAIFH_S62	0
SM-GE66H_S157	0
SM-GE666_S061	0
SM-D9D8Q_S14	0
SM-D9D85_S03	0
LS-15510_S27	0
SM-DAIGP_S09	0
SM-DD43S_S59	1
SM-DAIFV_S57	0
SM-GE63U_S017	0
SM-D9D8O_S33	1
LS-15534_S08	1
LS-15396_S54	1
LS-15533_S07	1
SM-D9D7X_S93	0
SM-DAIGY_S14	1
SM-D9EQM_S39	1
SM-DD43S_S64	1
SM-DAIGK_S10	0
SM-DAIH6_S05	0
SM-DAIG5_S42	0
SM-DAIGR_S53	0
SM-D9D7Y_S25	0
SM-DAIGA_S23	1
SM-D9E5R_S67	0
SM-D9D7V_S37	0
LS-15526_S71	1
LS-15526_S69	1
SM-GE65R_S127	0
SM-DAIHG_S60	1
SM-D9D7W_S49	0
SM-DAIGR_S37	0
SM-D9D7Y_S11	1
SM-DAIGR_S19	0
SM-DAIGJ_S21	0
SM-DAIFC_S12	0
SM-DAIGV_S23	1
SM-DAIFT_S32	0
LS-15522_S08	1
SM-D9D85_S12	0
SM-DD43S_S53	1
SM-DAIGL_S29	0
LS-15532_S02	1
SM-DAIHD_S52	1
SM-D9D7V_S05	0
SM-D9EQS_S93	0
SM-D9E5N_S55	0
SM-D9D6R_S08	0
SM-D9D87_S05	0
SM-D9D87_S19	0
SM-D9EQM_S47	1
SM-D9E5W_S13	0
SM-GE8ZO_S053	0
SM-GE8ZO_S049	0
SM-GE8ZO_S063	0
SM-D9D8P_S48	0
SM-DAIFS_S69	0
SM-DAIGY_S05	1
SM-DAIH6_S16	0
SM-DD43Q_S42	1
SM-DAIGK_S31	0
SM-DAIGJ_S05	0
SM-DAIGQ_S16	0
SM-DAIG8_S14	1
SM-D9D8H_S04	0
SM-DAIGU_S45	0
SM-D9E5U_S22	1
SM-GE659_S010	0
SM-DD43L_S64	1
SM-DD43Q_S74	1
SM-DAIGQ_S20	0
SM-D9EQL_S81	0
SM-D9E4M_S40	0
SM-GE659_S003	0
SM-DAIHG_S42	1
SM-D9E5R_S43	0
SM-DAIHG_S74	0
SM-DAIGV_S16	1
SM-DAIFV_S55	0
SM-GE668_S015	0
SM-DAIFS_S02	1
SM-DAIFR_S31	1
SM-DAIGK_S59	0
SM-D9D8H_S44	0
SM-DAIGJ_S18	0
SM-D9D8G_S35	0
SM-DD44C_S57	1
LS-15396_S77	0
SM-D9D86_S34	0
SM-DD44P_S63	0
SM-GE666_S058	0
SM-DD44R_S70	0
SM-D9D8H_S52	0
SM-DAIFT_S46	0
SM-D9EQM_S68	0
LS-15510_S21	0
SM-DAIFB_S34	0
SM-D9D7Y_S10	1
SM-DAIFR_S47	0
LS-15520_S38	1
SM-DAIH5_S18	1
LS-15520_S05	0
SM-DD44B_S57	1
LS-15510_S07	1
SM-DAIFS_S07	1
SM-DAIFS_S44	1
SM-DAIGA_S55	0
SM-D9E5E_S37	0
SM-D9E5Q_S12	1
SM-D9EQD_S20	0
SM-D9D8S_S20	0
SM-D9D8R_S33	1
SM-DAIFT_S24	0
SM-D9D8C_S18	1
SM-DAIFS_S66	0
SM-DAIG9_S32	0
SM-DAIFC_S11	0
SM-DAIGP_S17	1
SM-DD43R_S62	1
SM-DAIGL_S58	0
SM-DD43S_S69	1
SM-DAIGQ_S39	1
SM-D9EQH_S53	0
SM-DAIG5_S55	0
SM-DD44B_S72	1
SM-DAIG6_S42	0
SM-D9E5R_S71	0
SM-DD444_S70	1
SM-DD44N_S50	1
SM-DAIFH_S77	0
SM-D9EQJ_S44	1
LS-15524_S24	1
SM-DAIFI_S70	0
LS-15521_S11	1
SM-D9D8H_S42	0
LS-15534_S10	1
SM-DAIGX_S32	1
SM-DAIHD_S12	1
SM-D9D7W_S65	0
SM-DD43S_S54	1
SM-DAIG6_S54	0
SM-D9D87_S30	0
SM-DAIHD_S59	1
SM-DD443_S59	1
SM-DAIFC_S32	0
LS-15521_S09	1
SM-DAIFW_S34	1
SM-DAIFC_S45	0
SM-D9D8C_S84	0
SM-DAIFW_S59	0
SM-D9D8I_S37	0
SM-DAIG8_S67	0
SM-DAIG9_S34	0
SM-DAIG6_S04	0
SM-DAIFH_S59	0
SM-DAIG6_S61	0
SM-DAIFV_S58	0
SM-DAIFI_S17	1
SM-DAIG6_S33	0
SM-DAIFV_S69	0
SM-DAIGL_S05	0
SM-DAIGJ_S20	0
SM-DAIFS_S59	0
SM-DAIFU_S06	0
SM-DAIGL_S25	0
SM-DAIFU_S08	0
SM-DAIGR_S27	0
LS-15396_S41	1
SM-DAIGU_S43	1
SM-DD43L_S58	1
SM-D9E5X_S50	0
SM-D9E5E_S18	0
SM-DAIG7_S91	1
SM-D9E5T_S28	1
SM-D9EQK_S50	1
SM-D9EQF_S06	1
SM-GE659_S005	0
SM-GE65R_S144	0
SM-D9EQM_S95	1
SM-DAIH6_S29	0
LS-15396_S75	1
LS-15521_S46	1
LS-15532_S48	1
SM-DD44Q_S67	0
LS-15524_S82	1
SM-D9EQS_S83	0
SM-D9EQU_S85	1
SM-DAIFU_S04	0
SM-DD44R_S60	0
SM-DAIHE_S47	1
SM-DAIGL_S62	0
SM-DAIHD_S51	1
SM-DAIGL_S41	1
SM-DAIFI_S50	0
SM-DAIFA_S35	0
SM-DAIGL_S15	1
SM-DAIFV_S48	0
SM-DAIGR_S26	0
SM-DAIGW_S12	0
SM-DAIG9_S68	1
SM-DAIFR_S41	1
SM-DAIGA_S05	1
SM-DAIG5_S41	0
LS-15522_S51	1
SM-D9E66_S15	0
SM-D9EQU_S96	1
LS-15534_S04	1
LS-15524_S63	1
SM-DAIGK_S38	0
SM-D9D7Q_S22	1
SM-DAIGX_S24	0
SM-DAIGK_S21	0
SM-D9EQF_S23	0
SM-D9D8R_S11	0
SM-DD43Q_S68	1
SM-D9E5T_S78	0
SM-D9EQK_S21	1
SM-D9D8F_S10	0
SM-D9E5O_S07	1
SM-D9D8D_S15	0
SM-GE63U_S042	0
SM-D9D8I_S45	0
SM-DAIGK_S03	1
SM-GE66H_S154	0
LS-15526_S66	1
SM-GE66H_S170	0
LS-15526_S80	0
SM-D9E5S_S96	1
LS-15524_S56	1
SM-DAIGK_S32	0
SM-DAIGU_S24	1
SM-D9D7V_S65	0
SM-DAIG4_S49	0
LS-15396_S47	1
SM-D9D8G_S21	0
SM-GE65I_S133	0
SM-DD44C_S49	1
SM-D9EQT_S57	0
SM-DAIG4_S39	0
LS-15534_S11	1
SM-DAIG4_S86	0
SM-GE666_S074	0
SM-DAIGW_S21	0
SM-DAIGR_S51	0
SM-DAIGR_S10	0
SM-DAIG7_S64	1
SM-D9EQF_S16	1
SM-DAIGW_S15	0
SM-D9D8I_S48	0
LS-15398_S22	1
SM-D9D8I_S34	0
SM-DAIFS_S17	0
SM-DAIFS_S05	1
SM-DAIG9_S22	0
SM-D9EQK_S07	0
LS-15396_S49	1
SM-DD443_S54	1
LS-15398_S30	1
SM-DAIGX_S48	1
SM-DAIHG_S52	1
SM-DAIGX_S13	0
SM-D9E5N_S09	1
SM-DAIG8_S28	0
LS-15396_S82	0
LS-15520_S15	1
SM-D9D8H_S41	0
SM-D9D8R_S21	0
SM-D9EQK_S61	1
SM-D9EQM_S63	0
SM-DAIH5_S05	1
SM-GE63U_S108	0
LS-15396_S55	1
LS-15521_S38	1
SM-D9EQM_S76	0
LS-15398_S29	0
SM-GE63U_S097	0
SM-DAIG7_S66	1
SM-D9EQU_S68	1
SM-GE65A_S141	0
SM-DD43S_S60	1
SM-DAIG9_S63	0
SM-D9EQM_S54	1
LS-15520_S34	1
SM-GE65R_S140	0
SM-DAIHE_S46	1
SM-GE63U_S002	0
SM-DAIHC_S51	1
LS-15510_S11	1
SM-D9D7W_S06	0
LS-15396_S45	1
SM-DAIFW_S76	0
SM-DAIH6_S55	0
SM-D9D7V_S47	0
SM-D9E67_S73	0
SM-D9EQT_S41	0
SM-D9EQJ_S51	0
SM-DAIH6_S38	0
SM-DAIH5_S44	0
SM-D9EQE_S37	0
SM-D9D7V_S32	0
SM-D9EQK_S54	1
SM-DAIFT_S23	0
SM-D9E5X_S40	0
SM-DD44C_S59	1
SM-D9EQI_S34	0
SM-D9D7B_S14	1
SM-D9E5W_S40	0
SM-DAIHD_S49	1
SM-DAIFW_S38	1
SM-DAIGL_S06	0
LS-15533_S10	1
SM-D9E5S_S82	1
SM-D9D7W_S81	0
SM-DAIGQ_S41	1
SM-D9E5N_S16	0
SM-DD43L_S53	1
SM-D9E4M_S56	0
SM-DAIGA_S68	0
SM-DD43R_S39	1
SM-D9E5R_S47	0
SM-D9EQU_S88	0
SM-DAIG9_S38	0
SM-DD43L_S60	1
SM-DAIGQ_S18	0
SM-D9E5R_S54	0
SM-DD43M_S54	1
SM-DD43Q_S55	1
SM-DAIG9_S23	0
SM-DAIG7_S88	0
SM-DAIH5_S43	0
SM-DD44O_S12	1
SM-D9E5T_S37	0
SM-DAIH6_S42	0
SM-DAIG6_S31	0
SM-D9E5T_S16	1
SM-DD444_S63	1
SM-DAIG8_S48	0
SM-D9EQS_S96	0
SM-D9EQK_S58	1
SM-DAIGJ_S42	1
SM-D9E67_S79	0
SM-DAIGR_S23	0
SM-DAIGV_S01	1
SM-DAIGW_S16	0
SM-DAIGX_S11	0
SM-D9E6R_S21	0
SM-D9E5E_S46	0
SM-D9E5W_S38	0
SM-D9EQL_S22	1
SM-DAIGU_S51	0
SM-D9EQH_S59	0
LS-15396_S64	0
LS-15520_S45	1
SM-DAIHG_S62	1
SM-D9D8R_S17	0
SM-DAIH6_S10	0
SM-DAIFS_S68	0
LS-15500_S10	1
SM-DAIFV_S65	0
SM-DAIFC_S21	0
LS-15524_S51	0
SM-DAIFR_S40	0
SM-D9D8P_S42	0
SM-D9D7G_S14	1
SM-D9D7V_S06	0
SM-D9D84_S20	1
SM-D9D8F_S28	0
SM-D9D8K_S26	0
SM-D9D8K_S27	0
SM-D9D7W_S72	0
SM-D9D86_S39	0
SM-D9E4M_S53	0
SM-D9E5R_S70	0
LS-15524_S53	1
SM-D9E4M_S34	0
SM-DAIFT_S08	0
SM-DAIHD_S47	1
SM-D9D7B_S03	1
SM-D9E5N_S41	0
SM-DAIG4_S31	1
SM-DAIFV_S70	0
SM-DD44S_S94	0
SM-D9E67_S54	0
SM-D9D7W_S23	0
SM-D9D7Y_S09	1
SM-D9D8G_S22	0
SM-D9E5R_S50	0
SM-D9EQC_S95	1
SM-D9D85_S44	0
SM-DAIHD_S53	1
SM-DAIG8_S16	0
SM-DD44S_S83	0
SM-DAIGK_S11	0
SM-DAIGA_S28	1
SM-DAIGP_S46	1
SM-D9EQM_S56	1
SM-DAIGL_S47	0
SM-DAIG7_S73	1
SM-GE66H_S163	0
SM-D9EQM_S93	1
SM-DAIFH_S80	0
SM-D9EQH_S49	0
SM-DAIH5_S52	0
SM-DAIFC_S09	0
LS-15521_S45	0
LS-15500_S15	1
SM-D9E5S_S39	0
SM-D9E5S_S40	0
SM-DAIGK_S25	0
SM-D9D8G_S42	0
SM-D9D8K_S05	0
SM-D9E5T_S61	0
SM-DAIGL_S44	0
LS-15524_S57	1
SM-DAIG5_S58	0
SM-DAIGL_S66	0
SM-D9EQK_S12	1
SM-D9D84_S17	1
SM-D9EQJ_S41	1
SM-D9E6R_S41	0
SM-D9D87_S16	0
SM-DAIGL_S69	1
SM-DAIFH_S19	1
SM-DAIGX_S31	0
SM-DAIHD_S58	1
SM-D9D7V_S04	0
SM-DAIHC_S40	1
SM-DAIFV_S49	0
SM-DAIFC_S47	0
SM-D9EQM_S38	1
SM-DAIHG_S77	1
SM-DAIH6_S46	0
SM-DAIFS_S12	1
SM-GE65I_S144	0
SM-DAIFV_S62	0
SM-GE65R_S121	0
SM-DAIG7_S37	1
SM-D9D8J_S08	0
SM-D9D6R_S33	0
SM-DAIGK_S40	0
SM-DAIGL_S23	0
SM-D9D8C_S88	0
SM-GE63U_S118	0
SM-D9D8G_S45	0
SM-DAIGJ_S53	0
SM-DAIG8_S46	0
SM-DD43S_S52	1
SM-D9EQI_S30	0
LS-15526_S92	1
SM-D9EQE_S39	0
SM-DAIGR_S43	0
LS-15526_S78	1
SM-D9EQE_S36	0
SM-D9E5O_S38	0
SM-D9EQS_S84	0
SM-D9E5W_S07	1
SM-D9D7W_S82	0
SM-DAIGY_S06	1
SM-DAIH6_S02	0
SM-DAIG5_S63	0
SM-DAIFT_S02	0
LS-15534_S05	1
SM-D9D6R_S36	0
SM-DAIFW_S80	0
SM-D9E5W_S14	0
SM-DAIFU_S07	0
SM-D9D85_S53	0
SM-D9E5N_S27	1
SM-D9EQH_S41	0
SM-DD43R_S33	1
SM-GE65R_S138	0
SM-GE666_S067	0
SM-DD43S_S50	1
SM-D9D8H_S39	0
SM-DAIFC_S54	0
SM-DAIG7_S69	0
SM-D9EQT_S54	1
SM-DD44O_S02	1
SM-D9D8I_S76	0
LS-15521_S14	0
SM-DAIG7_S65	1
SM-GE8ZO_S059	0
SM-D9D8S_S19	0
SM-D9EQT_S48	0
SM-DAIGK_S07	0
SM-D9EQM_S75	0
LS-15520_S39	1
SM-D9EQM_S65	1
SM-D9EQT_S44	0
SM-DD43R_S50	1
SM-DAIGL_S13	0
SM-DD444_S52	1
SM-D9E6R_S26	0
SM-DAIHD_S07	1
SM-D9E5T_S96	1
LS-15533_S01	1
SM-D9D8J_S01	0
SM-DAIG6_S24	0
SM-D9E5W_S35	0
SM-DAIG8_S68	0
SM-DAIGJ_S24	0
SM-DAIG4_S89	0
SM-DAIG7_S59	1
SM-DAIHD_S44	1
SM-DAIHD_S11	1
SM-DAIFS_S23	1
SM-GE65R_S148	0
SM-D9D7V_S45	0
SM-D9E5O_S53	0
SM-DAIGK_S63	1
SM-DAIGQ_S26	0
SM-D9EQT_S39	0
SM-DAIG9_S11	1
SM-DAIGX_S07	0
SM-GE65I_S123	0
SM-D9EQI_S29	0
SM-DAIGA_S21	1
SM-D9E66_S88	0
LS-15533_S14	1
LS-15501_S38	1
SM-D9EQK_S15	0
SM-DD43Q_S89	1
SM-D9E4M_S31	0
SM-D9EQF_S14	1
SM-DAIFR_S15	1
SM-DD44O_S01	1
SM-DAIFT_S18	0
SM-D9D8H_S45	0
SM-D9D8C_S11	0
SM-D9D8G_S20	0
LS-15520_S49	1
SM-DAIGR_S52	0
SM-DAIG4_S84	0
SM-D9E66_S09	0
SM-DAIH6_S04	0
SM-D9EQI_S36	0
SM-DAIFI_S07	1
SM-D9D8Q_S23	0
SM-DAIFS_S10	0
SM-GE65I_S129	0
SM-D9EQI_S26	0
SM-GE666_S094	0
LS-15524_S61	1
SM-D9D8C_S86	0
SM-DAIG7_S67	1
SM-DAIG7_S53	0
SM-DAIGK_S14	1
SM-GE63U_S109	0
SM-D9D86_S10	0
LS-15521_S39	1
SM-DAIFU_S29	0
LS-15521_S35	1
SM-D9E5W_S08	0
SM-DAIFV_S66	0
SM-DAIGW_S25	0
SM-DAIGR_S55	0
SM-GE63U_S022	0
SM-GE65R_S183	0
LS-15396_S76	0
SM-DAIFV_S64	0
LS-15501_S31	1
SM-DAIFC_S18	0
SM-DAIG8_S72	0
SM-DAIG6_S53	0
SM-DAIG6_S27	0
SM-D9D7Y_S19	0
SM-D9E5Q_S14	0
SM-D9E5T_S59	0
SM-DAIG9_S30	0
SM-D9EQC_S12	0
SM-D9EQM_S79	0
SM-DD43R_S69	1
LS-15396_S62	1
SM-D9EQF_S12	1
SM-D9D86_S16	0
SM-D9E6R_S24	0
SM-DAIHC_S59	1
SM-DD43R_S43	1
SM-DAIFR_S10	1
LS-15396_S84	0
SM-DD43N_S16	1
SM-GE63U_S120	0
SM-DAIFA_S44	1
SM-D9D8H_S50	1
SM-DAIFV_S46	0
SM-GE65I_S138	0
SM-D9E5E_S21	1
SM-D9E5S_S94	1
SM-D9D8E_S42	0
SM-D9EQJ_S14	0
SM-DAIHE_S52	1
SM-DAIH6_S14	0
SM-D9E5O_S29	1
SM-DAIGW_S56	1
SM-D9EQK_S23	0
SM-DAIGQ_S22	0
SM-DAIGK_S65	0
SM-D9EQM_S40	0
SM-DAIGL_S71	0
SM-DAIG6_S23	0
SM-DAIHD_S16	1
LS-15501_S73	0
SM-DAIGW_S13	0
LS-15533_S08	0
SM-DAIGL_S12	1
SM-DD44P_S51	0
SM-DAIGW_S11	0
SM-DAIG4_S24	0
SM-DD44S_S81	0
SM-DAIG4_S35	0
SM-DAIFI_S02	0
SM-DAIFR_S07	1
SM-DAIFA_S33	1
SM-D9E5R_S45	0
SM-D9EQJ_S61	0
SM-D9EQE_S57	0
SM-DD43Q_S66	1
SM-DD43N_S21	1
SM-DD44R_S69	0
SM-DAIFS_S42	0
LS-15510_S18	0
SM-DAIGA_S20	1
LS-15526_S76	1
LS-15520_S44	1
SM-D9D8H_S33	1
SM-D9D8C_S89	0
SM-DAIG7_S78	1
SM-D9EQT_S51	0
SM-DAIG9_S42	1
SM-D9EQM_S72	0
SM-GE8ZO_S051	0
SM-D9EQI_S40	0
SM-GE65R_S130	0
SM-DAIG4_S27	1
SM-DAIHC_S34	1
SM-DAIG7_S86	1
LS-15524_S54	1
SM-DD443_S61	1
LS-15521_S05	0
SM-DAIGK_S34	0
SM-GE659_S008	0
LS-15526_S81	1
SM-DAIGK_S61	0
SM-DAIHD_S42	1
SM-D9D85_S50	0
SM-DAIGQ_S32	0
SM-D9E5S_S89	1
SM-D9EQL_S84	0
LS-15522_S64	1
SM-DAIG9_S27	0
SM-GE66H_S190	0
SM-GE63K_S075	0
SM-DAIG8_S21	1
SM-DAIG5_S70	0
SM-DAIFW_S57	0
SM-D9E66_S75	0
SM-D9E5S_S83	1
SM-DAIG9_S28	0
SM-DAIG6_S18	0
SM-D9D7X_S95	0
SM-D9EQK_S13	0
SM-D9E5N_S46	0
SM-DD44P_S52	0
SM-D9EQH_S50	0
SM-D9D7B_S15	1
SM-DAIHD_S01	1
SM-D9D85_S15	0
SM-GE65I_S139	0
SM-DAIFH_S06	1
SM-DAIFH_S16	1
SM-DAIGV_S29	0
SM-DD43Q_S61	1
LS-15501_S25	1
SM-D9D7Y_S02	0
SM-DAIFI_S19	1
SM-DAIFW_S65	0
SM-GE63U_S105	0
SM-D9E5E_S26	0
SM-D9E5R_S58	0
SM-D9D8O_S29	1
SM-D9D8G_S46	0
SM-GE63U_S030	0
LS-15524_S70	1
SM-DAIFR_S43	1
SM-DAIFW_S37	1
SM-D9EQJ_S06	0
SM-DAIGX_S14	0
SM-D9D7W_S75	0
SM-DAIHG_S88	1
SM-DAIFR_S34	0
LS-15534_S06	1
SM-DAIFI_S67	0
SM-DD44C_S63	1
LS-15526_S88	1
SM-DAIGJ_S04	0
SM-D9EQD_S32	0
LS-15524_S84	1
LS-15524_S88	1
LS-15532_S49	1
SM-DAIGJ_S15	0
SM-D9E5O_S44	0
SM-DAIGA_S32	1
SM-DD43Q_S70	1
SM-D9D7Q_S18	1
SM-DAIGJ_S07	0
SM-D9D8G_S02	0
SM-DAIH6_S33	0
SM-D9E5V_S15	0
SM-DAIG9_S59	0
LS-15501_S40	1
SM-DD44R_S68	0
SM-DAIFC_S37	0
SM-DD43S_S65	1
SM-DD43Q_S62	1
SM-D9D8Q_S12	0
SM-D9D8E_S35	0
SM-DAIGK_S08	1
SM-DAIFV_S67	0
SM-DAIGU_S52	0
SM-D9D6R_S01	0
SM-DD43R_S67	1
SM-DAIGW_S29	1
SM-D9D85_S45	0
SM-DD43S_S56	1
SM-D9D7W_S90	0
LS-15532_S50	1
SM-DD43Q_S65	0
SM-DD43R_S27	1
SM-D9D6R_S31	0
LS-15520_S11	1
SM-DAIGL_S64	0
SM-D9D7W_S56	0
SM-DAIGK_S18	0
SM-GE65R_S146	0
SM-DAIGL_S04	0
SM-D9D7W_S24	0
SM-DAIG9_S35	0
SM-D9D7Q_S21	1
SM-D9EQU_S82	1
SM-GE63U_S098	0
SM-D9E6R_S19	0
SM-DD44B_S63	1
SM-D9D8H_S35	0
SM-D9E5U_S19	1
SM-D9D8F_S13	0
SM-DAIFT_S45	0
SM-DAIHD_S45	1
SM-DAIFR_S44	1
SM-D9EQF_S18	1
SM-DAIHC_S39	1
SM-D9E67_S55	0
SM-DD44Q_S71	0
SM-DAIFB_S28	1
SM-D9E67_S83	0
SM-DAIFW_S77	0
SM-D9ER5_S15	1
SM-D9E5O_S32	0
SM-D9EQT_S33	0
SM-D9E66_S14	0
SM-D9E66_S07	0
SM-D9EQM_S34	1
LS-15526_S91	1
SM-D9EQF_S09	1
SM-D9D7V_S02	1
SM-D9E5O_S50	0
SM-D9D7X_S80	0
SM-D9D8D_S03	0
SM-D9D7X_S52	0
SM-D9EQK_S18	1
SM-D9E5W_S01	1
SM-DAIGA_S09	0
SM-DAIHC_S62	1
SM-DAIHG_S96	1
SM-DAIFT_S10	0
SM-DAIGY_S08	1
SM-DAIG9_S16	1
SM-D9D7W_S69	0
SM-DAIFW_S75	0
SM-D9EQT_S56	0
SM-DD43M_S26	1
SM-D9D8H_S14	0
SM-D9D87_S17	0
SM-DD44D_S60	1
SM-DAIFC_S69	0
SM-D9E5R_S57	0
SM-DAIGJ_S03	0
SM-DAIG6_S36	0
SM-D9E5T_S44	0
SM-D9D8K_S32	0
SM-DAIG4_S54	0
SM-DAIGU_S09	1
SM-DAIHE_S56	1
SM-DAIFW_S74	0
SM-DAIG4_S52	0
SM-DAIG9_S26	0
SM-DAIGQ_S09	0
SM-DAIGA_S49	0
SM-DAIGQ_S45	1
SM-GE631_S008	0
SM-D9E66_S79	0
SM-D9D7W_S79	0
SM-D9D7W_S91	0
SM-D9D7Q_S23	1
SM-DAIFI_S53	0
SM-D9EQU_S87	1
SM-DAIG6_S41	0
SM-D9E66_S81	0
SM-D9E5T_S80	0
SM-D9D8H_S01	0
SM-D9E5O_S35	0
SM-GE65R_S133	0
SM-D9E5N_S12	0
LS-15524_S68	1
SM-DD44D_S63	1
SM-GE66H_S165	0
SM-DAIHG_S66	1
SM-DAIFT_S42	0
SM-D9D85_S32	0
SM-DAIH5_S17	1
SM-DAIH5_S47	0
SM-D9EQM_S42	1
SM-DAIFI_S55	0
SM-DAIGJ_S41	1
LS-15524_S20	1
SM-D9D7V_S71	0
SM-GE63U_S007	0
SM-D9E4M_S39	0
SM-DAIH6_S09	0
SM-DAIFH_S04	1
SM-DAIFR_S25	0
SM-DAIFI_S13	1
SM-DAIFC_S68	0
SM-DAIFR_S51	1
SM-DAIHD_S54	1
SM-DD44C_S60	1
SM-D9D8G_S23	0
SM-DAIGW_S38	1
SM-D9E5S_S91	1
SM-DAIFS_S71	0
SM-D9E5T_S40	0
SM-DAIH5_S41	0
SM-DAIG7_S94	1
SM-DAIFC_S43	0
SM-DAIGU_S06	1
SM-D9E5O_S55	0
SM-DAIG6_S21	0
SM-D9D8H_S15	0
SM-D9EQU_S86	1
LS-15398_S20	1
SM-DAIG8_S69	0
SM-D9E5T_S33	0
SM-DAIGL_S59	1
SM-GE659_S006	0
SM-D9D8C_S93	0
SM-DAIGX_S18	0
SM-D9D7W_S08	0
SM-D9E67_S82	0
SM-D9D8G_S03	0
SM-DD443_S57	1
SM-DD43R_S36	1
SM-DAIGX_S44	1
SM-DAIFS_S51	0
SM-DAIGL_S07	1
SM-DD44B_S58	1
SM-GE666_S066	0
SM-DAIFW_S52	0
SM-D9EQD_S15	1
SM-D9EQL_S15	1
LS-15521_S13	1
SM-D9EQF_S10	1
SM-DAIG7_S51	1
SM-GE65I_S098	0
SM-DAIFC_S34	0
SM-DAIFS_S67	0
SM-DAIFW_S39	1
SM-D9D8G_S17	0
LS-15524_S86	1
SM-DAIGY_S11	1
SM-D9D8C_S85	0
SM-D9EQM_S60	1
SM-D9EQM_S53	1
SM-D9D7V_S67	0
SM-DAIGU_S03	1
SM-D9D7Y_S18	0
SM-DAIG6_S13	0
SM-DAIFC_S58	0
SM-D9EQL_S87	0
SM-DD43M_S46	1
SM-GE668_S005	0
LS-15524_S65	1
SM-D9D7V_S24	0
SM-D9E5N_S19	0
SM-D9E5W_S27	0
SM-DAIGU_S48	1
SM-D9D85_S06	0
SM-DAIFR_S14	0
SM-D9E5W_S12	1
SM-DAIGA_S67	0
SM-DAIFW_S70	0
SM-D9E5R_S55	0
SM-D9E5V_S02	1
SM-DAIFC_S16	0
SM-DAIFC_S23	0
SM-DD44C_S54	1
SM-D9E4M_S29	0
SM-DAIHC_S41	1
SM-DAIGP_S06	1
SM-DAIFS_S49	0
SM-DAIFV_S71	0
SM-D9D87_S21	0
SM-DAIFC_S05	0
SM-D9E5T_S43	0
SM-D9EQJ_S60	1
SM-DAIGA_S53	0
SM-DD44A_S90	1
SM-GE65R_S136	0
SM-DAIGU_S42	1
SM-D9D8H_S09	0
SM-DAIFT_S43	0
SM-D9ER5_S20	1
SM-DAIFH_S71	0
SM-D9E5S_S88	1
SM-DAIGQ_S10	0
SM-DAIHG_S54	0
SM-DAIGL_S63	1
SM-DAIH6_S11	0
SM-DAIHG_S91	1
SM-DAIH6_S08	0
SM-DAIH6_S15	0
SM-D9E6R_S43	0
SM-D9D8O_S04	0
LS-15510_S26	0
SM-D9EQK_S09	0
SM-DD44P_S59	0
SM-D9EQS_S95	0
SM-DAIFV_S68	0
LS-15526_S74	1
SM-DAIFC_S27	0
SM-DAIH6_S54	0
SM-DAIFR_S13	1
SM-DAIG6_S51	0
SM-DAIGK_S71	0
SM-D9D8O_S21	0
SM-D9EQF_S01	1
SM-D9D8D_S09	0
SM-DAIGK_S24	0
SM-DAIFS_S15	0
SM-D9D86_S03	0
SM-D9E4M_S25	0
SM-DAIFR_S33	0
LS-15501_S32	0
SM-GE63U_S040	0
SM-D9E5N_S45	0
SM-DD43M_S25	1
SM-D9D8R_S43	1
SM-DAIGA_S25	0
SM-DAIGR_S34	1
SM-D9EQT_S55	1
SM-D9E5E_S33	0
SM-GE668_S006	0
SM-GE66H_S178	0
SM-DD44R_S63	0
SM-DAIG4_S94	0
SM-GE65R_S128	0
SM-DAIHG_S72	1
SM-DAIFS_S16	0
SM-DAIFT_S13	1
SM-D9EQL_S24	1
SM-D9D7V_S41	0
SM-D9E5T_S93	1
LS-15510_S05	0
SM-D9EQU_S83	1
SM-D9EQJ_S02	0
SM-DAIG6_S39	0
SM-DAIGJ_S30	0
SM-DAIFR_S08	0
SM-DAIGK_S57	0
SM-GE63U_S011	0
SM-DD43M_S28	1
SM-DAIHG_S95	1
SM-GE8ZO_S090	0
SM-D9D8P_S44	0
SM-D9D7G_S06	1
SM-GE63U_S023	0
SM-D9D7V_S29	0
SM-DAIFT_S30	0
LS-15522_S63	0
SM-DAIGR_S17	0
SM-D9D8Q_S03	0
SM-DAIGK_S01	1
SM-DAIG4_S37	0
SM-D9D8G_S07	0
SM-D9D7X_S55	0
SM-D9ER5_S07	0
SM-DD43R_S40	1
SM-D9E5E_S38	0
SM-DD43L_S44	1
SM-D9E66_S73	0
SM-D9E5X_S51	0
SM-D9EQC_S02	0
SM-D9E6R_S42	0
SM-D9E5O_S24	1
SM-DAIHD_S55	1
SM-D9ER5_S17	1
SM-DD44B_S71	1
SM-DD443_S46	1
SM-D9E5S_S36	0
SM-DAIG8_S17	1
SM-DAIG9_S07	1
SM-D9D7V_S26	0
SM-DAIGJ_S32	1
SM-D9D85_S05	0
SM-DD44A_S92	1
SM-D9EQL_S19	0
SM-D9D8D_S16	0
SM-DAIGP_S42	0
SM-DAIGR_S31	0
SM-D9E6R_S48	0
SM-D9E5T_S02	1
SM-DD44D_S59	1
SM-DAIGX_S37	0
SM-DAIGP_S08	1
SM-D9E5N_S10	1
SM-DD44B_S66	1
SM-D9E5T_S41	0
SM-DAIG5_S71	0
SM-DAIGP_S01	1
SM-DAIG4_S96	0
SM-D9D7W_S50	0
SM-D9E6R_S17	0
SM-D9E5T_S88	0
SM-D9E5E_S01	1
SM-DAIG9_S20	0
SM-DAIGJ_S31	0
SM-D9D84_S13	1
SM-DAIGQ_S31	0
SM-D9E5T_S89	0
SM-D9D7Y_S20	0
SM-D9ER5_S24	1
SM-DAIGJ_S19	0
SM-D9E5U_S20	1
SM-D9ER5_S22	1
SM-DAIGY_S02	1
SM-D9D8G_S30	0
SM-DAIGJ_S08	0
SM-D9EQM_S83	1
SM-D9D8G_S36	0
SM-DAIFS_S35	0
SM-D9E5Q_S11	1
SM-DAIG7_S90	1
SM-D9E5R_S66	0
SM-D9D8H_S02	0
SM-DAIFT_S22	0
SM-D9E5X_S46	0
SM-DD43R_S47	1
SM-DAIFI_S54	0
LS-15532_S07	1
SM-DD43S_S67	1
SM-DD43S_S49	1
SM-D9E66_S04	0
SM-DD43R_S45	1
SM-DAIFV_S42	0
SM-D9EQD_S17	1
LS-15526_S94	1
LS-15510_S17	0
SM-DD43R_S35	1
SM-D9EQI_S32	0
LS-15524_S83	0
LS-15510_S38	0
SM-D9EQJ_S13	0
SM-DAIHC_S63	1
SM-D9EQJ_S56	1
SM-D9EQE_S40	0
SM-D9EQE_S60	0
LS-15510_S22	0
SM-DD43Q_S86	1
SM-DD43M_S55	1
SM-DD43M_S37	1
SM-GE8ZO_S042	0
SM-GE63U_S029	0
SM-GE668_S007	0
SM-GE63U_S014	0
SM-D9D7V_S66	0
SM-DD44Q_S65	0
LS-15532_S56	0
SM-DAIGA_S22	0
SM-D9E5O_S51	0
SM-DAIG4_S95	0
SM-D9E5N_S20	1
SM-DAIGL_S24	0
SM-DD43Q_S90	1
SM-DAIGY_S03	1
SM-DAIFW_S71	0
SM-D9E5T_S45	0
SM-DAIG5_S54	0
SM-D9EQT_S42	0
LS-15524_S52	0
SM-D9D8D_S02	0
SM-DD43N_S18	1
SM-DAIGJ_S06	0
SM-DAIGQ_S37	1
SM-D9EQS_S91	0
SM-D9D85_S04	0
SM-DAIGX_S30	1
SM-DD44A_S84	1
LS-15525_S04	0
LS-15522_S57	0
LS-15532_S54	1
SM-DD43S_S55	1
SM-DAIFB_S21	0
SM-DAIFW_S36	0
SM-D9E5U_S07	1
SM-D9E67_S49	0
SM-DAIFI_S24	1
LS-15500_S12	0
SM-DAIFR_S12	1
SM-D9E67_S75	0
SM-D9ER5_S13	1
SM-DAIFR_S37	0
SM-DAIFH_S17	1
SM-D9EQD_S07	0
SM-D9D7X_S94	0
SM-DAIG9_S33	0
SM-D9EQC_S08	0
SM-D9D8C_S06	1
SM-D9EQI_S37	0
SM-D9D8H_S27	0
SM-DAIG6_S05	0
SM-D9D7X_S41	0
SM-DAIGV_S08	0
SM-DAIHG_S55	1
SM-DAIGR_S29	0
SM-DAIGX_S19	0
SM-D9D7X_S51	0
SM-DAIGW_S39	1
SM-DAIGQ_S04	0
SM-DAIG7_S56	0
SM-DAIGA_S41	0
SM-DAIGA_S45	0
SM-D9D8D_S12	0
SM-D9D7X_S60	0
LS-15522_S56	1
SM-DAIFI_S68	0
LS-15532_S51	0
LS-15532_S58	1
SM-D9D7X_S89	0
SM-D9D8G_S41	0
SM-DAIGL_S27	0
SM-DAIGL_S19	0
SM-DAIHC_S50	1
SM-DD43M_S40	1
SM-DAIH6_S13	0
SM-D9E67_S51	0
SM-D9E5R_S65	0
SM-D9E5R_S56	0
SM-D9EQH_S63	0
SM-D9E5O_S34	0
SM-D9EQM_S84	0
SM-D9EQM_S73	1
SM-D9EQH_S52	0
SM-D9E5O_S19	0
SM-DAIG7_S89	0
SM-DAIFW_S66	0
SM-DD443_S47	1
SM-D9ER5_S21	1
SM-DAIHD_S09	1
SM-D9E6R_S20	0
SM-DAIFI_S11	1
SM-GE8ZO_S060	0
SM-DAIFS_S57	0
SM-GE668_S012	0
SM-DAIFW_S64	0
SM-D9D7V_S07	1
SM-GE65R_S180	0
SM-DAIFV_S50	0
SM-D9D86_S05	0
SM-D9D8H_S28	0
SM-D9D8R_S24	0
SM-D9D8H_S06	0
SM-D9D7W_S53	0
SM-D9D6R_S26	0
SM-D9D8G_S18	0
SM-DAIHC_S56	1
LS-15398_S25	1
SM-D9ER5_S10	0
SM-DAIG8_S45	0
SM-DAIH5_S55	0
LS-15510_S12	1
SM-D9E5E_S44	0
SM-DAIGA_S66	0
SM-DAIG6_S34	0
SM-D9E5X_S39	0
SM-DAIG6_S26	0
SM-DAIGX_S21	0
SM-DAIG6_S56	0
SM-DAIGR_S30	0
SM-DAIG6_S03	0
SM-DAIG9_S57	1
SM-DD44R_S72	0
SM-D9D7Q_S19	1
SM-DD443_S52	1
SM-D9D7W_S95	0
LS-15520_S04	1
SM-D9E5W_S32	0
SM-D9D8O_S30	0
SM-D9D7G_S16	1
SM-D9D8H_S36	0
SM-D9D84_S03	1
SM-D9ER5_S08	1
SM-D9D8E_S48	0
SM-D9EQJ_S46	1
SM-D9CZT_S07	0
SM-D9D8S_S17	0
SM-DAIHE_S44	1
SM-D9EQT_S49	1
SM-D9D6R_S37	0
SM-DAIGV_S43	0
SM-DAIG8_S18	0
SM-DAIG5_S62	0
SM-D9E5E_S34	0
SM-DAIFS_S52	0
SM-D9EQD_S03	0
SM-D9E67_S52	0
SM-DAIG6_S06	0
SM-DD444_S64	1
SM-DAIFT_S12	0
SM-DAIGQ_S47	1
SM-GE8ZO_S044	0
SM-D9EQU_S93	1
SM-GE65R_S123	0
SM-DD43M_S52	1
SM-DD43S_S71	1
SM-DAIG5_S64	0
SM-DAIGX_S22	0
SM-DD444_S49	1
SM-DAIG7_S50	0
SM-GE63K_S078	0
SM-GE8ZO_S050	0
SM-DAIG7_S36	1
SM-GE65R_S167	0
SM-DD443_S63	1
SM-D9D86_S17	0
SM-DAIG8_S25	0
SM-GE631_S003	0
SM-DAIGK_S66	0
SM-D9D86_S14	0
SM-GE66H_S162	0
SM-DAIGK_S33	0
SM-DAIGQ_S17	0
SM-DAIG6_S10	0
SM-DAIG9_S39	0
SM-DAIG9_S46	1
SM-DAIGQ_S34	1
SM-D9D7V_S59	0
SM-DAIG6_S08	0
SM-D9D8D_S13	0
SM-DAIGU_S33	1
SM-DAIGY_S22	0
SM-DAIG9_S65	0
SM-D9D7G_S11	1
SM-DAIGU_S13	1
SM-D9D7G_S12	1
SM-D9D8R_S41	0
SM-D9D7G_S07	1
SM-D9D85_S37	0
SM-DAIGJ_S90	0
SM-DAIGR_S38	1
LS-15524_S71	1
SM-D9D8I_S44	0
SM-DAIGU_S56	0
SM-DAIGJ_S12	0
SM-D9D8G_S44	0
SM-DAIH5_S02	1
SM-D9EQU_S84	1
SM-DAIHG_S63	1
SM-DAIFR_S49	0
SM-DAIH6_S34	0
SM-DD43L_S56	0
SM-DAIHG_S81	1
SM-DAIFU_S02	0
SM-DD43R_S60	0
SM-DAIFH_S05	1
SM-DD43L_S50	1
SM-DD43L_S61	1
SM-DD43R_S49	1
SM-DAIFS_S72	0
SM-D9EQJ_S05	0
SM-D9EQJ_S59	0
SM-D9E5S_S74	1
SM-D9E5O_S48	0
SM-D9E5O_S33	0
SM-DD43Q_S49	1
SM-DD43M_S36	1
SM-D9E5O_S22	0
SM-DD43M_S35	1
SM-DD43M_S34	1
SM-D9E5T_S83	1
SM-D9EQT_S40	0
SM-D9E67_S66	0
SM-D9E66_S86	0
SM-D9E66_S08	0
SM-D9EQD_S27	1
SM-D9EQD_S25	1
SM-GE65I_S116	0
SM-DAIH5_S50	0
SM-DAIG5_S66	0
SM-DAIGX_S25	1
SM-DD43Q_S54	1
SM-GE63U_S010	0
SM-D9E66_S22	0
SM-D9D8E_S38	0
SM-D9D7W_S88	1
SM-D9D7W_S54	0
SM-D9D7V_S27	0
SM-D9EQH_S44	0
SM-DD44A_S81	1
SM-D9EQM_S70	0
SM-D9EQL_S21	0
SM-D9D8C_S19	0
SM-D9EQC_S07	0
SM-D9EQT_S64	1
SM-DAIGJ_S17	0
SM-DD44D_S61	1
SM-DAIGQ_S13	0
SM-DAIGR_S22	0
SM-GE65R_S139	0
SM-GE8ZO_S057	0
SM-DAIG5_S72	0
SM-DD44S_S93	0
SM-DD43R_S61	1
SM-DD43M_S50	1
SM-DAIG8_S05	0
SM-DAIG9_S61	1
SM-D9E5T_S92	0
SM-D9EQJ_S57	1
SM-DAIH5_S53	0
SM-D9D85_S51	0
SM-DAIG9_S48	1
SM-DAIG9_S47	1
SM-D9EQS_S94	0
SM-D9D8O_S02	0
SM-D9D8C_S09	0
LS-15524_S67	1
SM-D9D8D_S14	0
SM-DAIG8_S70	0
SM-D9E5T_S62	0
SM-D9D8C_S01	1
SM-D9D8R_S29	1
SM-D9E5N_S25	1
SM-D9D8H_S11	0
SM-D9EQM_S85	1
SM-D9E5X_S48	0
SM-D9D7X_S73	0
LS-15521_S41	0
SM-GE65A_S135	0
SM-DAIH6_S45	0
SM-DAIGU_S19	1
SM-GE63K_S079	0
SM-DD43S_S63	1
SM-DD44O_S07	1
SM-DAIGK_S50	1
SM-DAIGQ_S36	0
SM-DAIGJ_S22	0
SM-DAIG6_S32	0
SM-D9E5T_S39	0
SM-D9D8H_S37	0
SM-DAIGR_S45	0
SM-D9E66_S82	0
SM-DAIG7_S42	1
SM-DD43Q_S84	1
SM-D9E5R_S68	0
SM-DD43Q_S83	1
SM-DAIG6_S45	0
SM-DAIFS_S64	0
SM-D9E67_S78	0
SM-D9EQD_S02	1
SM-DAIGW_S06	0
SM-DAIG6_S62	0
SM-DAIGA_S37	0
SM-D9E5O_S01	1
SM-DAIG6_S01	0
SM-D9E5E_S35	0
SM-DAIG9_S18	0
SM-DAIGQ_S23	0
SM-DAIGU_S17	1
SM-D9D8G_S29	0
SM-D9E5E_S20	1
SM-GE65I_S121	0
SM-DAIHE_S48	1
SM-D9D8H_S55	0
LS-15525_S02	0
SM-D9D8Q_S06	0
SM-D9D8Q_S11	0
SM-GE66H_S179	0
LS-15522_S58	1
SM-D9D85_S43	0
LS-15396_S53	1
SM-D9D7G_S01	1
SM-D9D84_S04	1
SM-D9D7V_S22	1
SM-D9D8I_S78	0
SM-D9D8S_S22	0
SM-D9D8O_S07	0
SM-D9D8E_S39	0
SM-DAIG4_S51	0
SM-D9D6R_S29	0
SM-D9D7W_S11	0
LS-15520_S01	1
SM-D9D7Y_S12	0
SM-D9E5N_S89	0
SM-D9EQL_S82	0
SM-GE65R_S132	0
SM-D9E5S_S84	1
SM-D9E5T_S35	0
SM-GE65R_S134	0
SM-D9E5X_S54	0
SM-DAIFC_S48	0
SM-D9EQL_S18	1
SM-DAIFR_S38	1
SM-DAIFH_S24	1
SM-DAIFB_S33	0
SM-D9E5E_S45	0
SM-DAIFC_S41	0
SM-DAIFS_S40	1
SM-DD43Q_S56	1
SM-D9E5W_S09	0
SM-D9E5W_S33	0
LS-15395_S56	1
SM-D9EQI_S25	0
SM-GE666_S073	0
SM-D9E4M_S52	0
SM-GE66H_S182	0
LS-15510_S10	1
SM-D9E5N_S31	1
SM-GE63U_S031	0
SM-D9E67_S81	0
SM-DAIGL_S18	0
SM-DAIGP_S47	1
SM-DAIGL_S01	1
LS-15395_S43	0
SM-DAIG4_S90	0
LS-15521_S08	1
SM-D9E5R_S59	0
SM-DAIGW_S26	1
LS-15524_S60	1
LS-15521_S47	1
SM-D9E6R_S23	0
SM-DD443_S62	1
SM-DAIG4_S30	1
SM-DAIGU_S53	0
SM-D9E6R_S22	0
SM-DD443_S56	1
LS-15395_S44	0
SM-D9EQM_S44	1
LS-15510_S09	1
SM-DAIGA_S38	0
SM-DAIG9_S71	0
SM-DAIHD_S04	1
SM-DAIGJ_S14	0
SM-DAIH5_S19	1
SM-DAIGV_S41	0
SM-D9D7Y_S37	0
SM-DAIGV_S27	0
SM-D9D8D_S05	0
SM-D9D8J_S06	0
SM-D9D85_S47	0
SM-DD444_S50	1
SM-D9D7V_S48	0
SM-DAIGK_S39	0
SM-DAIGK_S19	0
SM-DAIG6_S40	0
SM-D9D7V_S39	0
SM-DAIG8_S02	1
SM-DAIGX_S35	1
SM-D9D8P_S50	0
SM-D9D8I_S42	0
SM-D9D8I_S75	0
SM-D9D7G_S10	1
SM-D9D7W_S13	0
SM-D9E5E_S43	0
SM-DAIG5_S68	0
SM-D9EQU_S66	1
SM-D9D8R_S15	0
SM-DAIFS_S39	0
SM-DAIFS_S03	1
SM-D9D8O_S26	1
SM-D9D7G_S04	1
SM-DD43S_S61	1
SM-GE63K_S073	0
LS-15524_S55	1
LS-15526_S82	1
SM-GE631_S111	0
SM-DAIG7_S45	0
SM-DAIG8_S04	1
SM-GE65R_S158	0
SM-DAIH6_S12	0
SM-D9D84_S18	1
SM-DAIHC_S33	1
SM-D9ER5_S14	1
SM-D9E5W_S17	0
SM-D9D8R_S09	0
SM-D9E5S_S73	1
SM-D9D87_S24	0
SM-DAIFR_S27	0
SM-DAIHG_S83	1
SM-DAIGU_S49	0
SM-DAIG7_S44	1
SM-D9D8P_S47	0
SM-D9E5T_S94	1
SM-DD43L_S46	0
SM-D9EQU_S70	1
SM-DD43Q_S50	1
LS-15395_S52	0
SM-D9E5T_S34	0
SM-D9D7V_S63	0
SM-D9EQJ_S16	0
SM-DD43N_S23	0
SM-D9D7V_S23	1
SM-D9D7X_S47	0
LS-15395_S54	1
SM-D9D8R_S26	1
SM-D9D7X_S79	0
SM-D9D7B_S09	1
SM-D9EQM_S61	1
SM-DAIHD_S63	1
SM-DAIHG_S57	1
SM-D9E5T_S77	1
SM-D9D8O_S27	1
SM-D9D8C_S96	0
SM-D9E5X_S44	0
SM-D9EQH_S58	0
SM-DAIGL_S35	0
SM-D9E5N_S28	0
SM-D9EQH_S57	0
SM-D9EQH_S47	0
SM-GE65R_S191	0
SM-D9D8S_S04	1
SM-D9E5N_S40	0
SM-GE65R_S147	0
SM-D9D8P_S54	0
SM-DAIG4_S10	0
SM-D9E67_S47	0
SM-GE65R_S129	0
SM-D9E5E_S42	0
SM-DAIGK_S67	0
SM-D9E5E_S13	1
SM-DAIGK_S28	0
SM-D9D8Q_S07	0
SM-GE66H_S176	0
SM-DAIGP_S43	0
SM-DAIGP_S55	0
SM-D9EQC_S14	0
SM-GE631_S110	0
SM-GE631_S005	0
SM-DAIFU_S40	0
SM-D9E4M_S33	0
SM-GE63U_S106	0
SM-DAIFR_S29	0
SM-GE63U_S019	0
SM-DAIFH_S72	0
SM-DAIFH_S69	0
SM-DAIGV_S20	1
SM-DD443_S58	1
SM-DD43Q_S77	1
SM-D9D86_S36	0
SM-DAIH6_S41	0
SM-D9EQE_S62	0
SM-DAIG4_S20	0
SM-D9E5N_S14	1
SM-DD43Q_S52	0
SM-D9EQD_S08	1
SM-D9EQD_S09	0
SM-D9E5E_S30	0
SM-DAIFW_S33	0
SM-D9D8Q_S10	0
SM-DAIFS_S65	0
SM-D9EQE_S59	0
SM-DD43Q_S46	1
SM-D9D8F_S09	0
SM-DAIFB_S27	1
SM-DD43Q_S58	1
SM-D9E5R_S53	0
SM-DD43Q_S80	1
SM-DAIFT_S31	0
SM-D9D7W_S71	0
SM-D9D87_S10	0
SM-D9D8R_S20	1
SM-DAIHG_S93	1
SM-DAIHD_S46	1
SM-D9D86_S04	0
SM-D9D7B_S06	1
SM-DD44A_S85	1
SM-D9E5T_S79	1
SM-D9EQF_S08	1
SM-D9D7V_S17	0
SM-D9EQF_S15	1
SM-D9D8H_S46	0
SM-DAIGY_S07	0
SM-DAIG7_S75	1
SM-D9E5O_S18	1
SM-DAIGU_S54	0
SM-DAIG7_S35	1
SM-GE63U_S028	0
LS-15500_S09	1
LS-15522_S06	1
LS-15520_S10	1
LS-15520_S06	1
SM-DAIHE_S54	1
SM-DAIFW_S58	1
SM-DAIHC_S43	1
SM-D9E5N_S51	0
SM-D9EQJ_S42	1
SM-D9EQJ_S62	0
SM-D9D8P_S52	0
SM-D9E5W_S24	0
LS-15524_S77	1
SM-D9D85_S40	0
SM-DD43R_S51	1
SM-DAIFR_S53	0
SM-D9EQD_S26	0
SM-GE66H_S169	0
SM-DAIFT_S15	0
SM-GE8ZO_S056	0
SM-D9D7B_S16	0
SM-GE666_S080	0
SM-D9D7X_S63	0
SM-DAIGW_S22	0
SM-DAIGY_S16	0
SM-D9D8E_S36	0
SM-D9E5N_S91	1
SM-DAIFC_S66	0
SM-DD44A_S87	1
SM-D9D7X_S77	0
SM-D9EQC_S03	0
LS-15501_S88	0
SM-D9EQM_S92	1
SM-DAIFT_S44	0
SM-DAIG9_S37	0
SM-DAIG5_S43	0
SM-D9EQJ_S54	1
SM-D9E6R_S44	0
SM-GE63K_S080	0
SM-D9EQK_S51	0
SM-D9D8I_S56	0
SM-GE66H_S187	0
SM-DAIFR_S16	0
SM-DAIFH_S75	0
SM-GE65R_S124	0
SM-GE631_S013	0
SM-D9D7V_S44	0
SM-DD44R_S57	0
LS-15534_S12	1
SM-DAIGK_S09	1
SM-DD444_S51	1
SM-DAIGA_S08	1
SM-DAIGK_S29	0
SM-D9EQS_S89	0
SM-DAIGP_S22	0
SM-GE63U_S026	0
SM-DAIGL_S31	0
SM-DAIGU_S38	1
SM-D9D8G_S01	0
SM-D9D8F_S32	0
SM-D9D8D_S19	0
SM-DAIFR_S45	1
SM-D9EQK_S06	1
SM-DAIGP_S23	1
SM-DD43L_S59	1
SM-D9E67_S70	0
SM-DAIFH_S58	0
SM-D9EQE_S61	0
SM-D9E66_S87	1
LS-15520_S14	1
SM-DAIG4_S19	1
SM-DAIG6_S59	0
SM-D9D8P_S53	0
SM-DD43Q_S51	1
SM-DD43N_S15	1
SM-D9EQD_S28	0
SM-DAIFH_S20	1
SM-GE63U_S003	0
SM-GE65I_S130	0
LS-15520_S13	1
SM-DAIFS_S21	1
SM-DAIGV_S28	0
SM-D9E4M_S28	0
SM-D9E5X_S43	0
SM-D9ER5_S18	1
LS-15510_S23	0
SM-D9EQT_S59	1
SM-D9D8F_S30	0
SM-DAIFW_S35	0
SM-D9D84_S06	1
SM-GE631_S015	0
SM-DAIG8_S44	0
SM-DAIH6_S26	0
SM-GE65R_S125	0
SM-GE65I_S097	0
SM-DAIG6_S38	0
SM-GE66H_S171	0
SM-DD43N_S22	1
SM-DAIFA_S43	0
SM-DAIG7_S55	0
LS-15510_S03	0
LS-15524_S66	1
SM-D9D7V_S46	0
LS-15520_S52	1
SM-GE666_S075	0
SM-DAIGA_S03	1
SM-DAIGQ_S21	0
SM-DAIG7_S34	1
SM-D9D8P_S46	0
SM-DAIFW_S78	0
SM-D9E5W_S02	0
SM-DAIFW_S84	0
SM-DD43M_S51	1
SM-D9EQH_S46	0
SM-D9E5S_S38	0
SM-DAIGJ_S50	0
SM-D9EQM_S96	0
SM-DAIG7_S49	0
SM-D9D7X_S74	0
SM-DAIGJ_S02	0
SM-D9D8H_S16	0
SM-D9D84_S19	1
SM-GE65R_S135	0
SM-DAIFV_S72	0
SM-DD444_S71	1
SM-GE63K_S076	0
SM-D9E5E_S36	0
SM-DAIHG_S82	1
SM-D9EQM_S55	1
SM-D9E5U_S11	1
SM-GE63U_S111	0
SM-DAIFC_S40	1
SM-DAIFC_S29	0
SM-GE65R_S157	0
SM-DAIGL_S38	0
SM-DAIFV_S43	0
SM-DD44C_S55	1
SM-D9E5V_S08	1
SM-DAIFS_S48	0
SM-D9D7Y_S21	0
SM-DAIG8_S22	1
SM-DAIFR_S32	1
SM-DAIFW_S62	0
SM-DAIG5_S47	0
SM-GE63U_S008	0
SM-DD43N_S17	1
SM-DAIGR_S09	0
SM-D9E5T_S84	1
SM-GE65R_S145	0
SM-D9E67_S42	0
SM-DAIFR_S05	1
LS-15510_S34	0
SM-DAIFC_S07	0
SM-D9EQT_S37	0
SM-DAIFH_S65	0
SM-D9EQK_S24	1
LS-15532_S44	1
SM-DAIGL_S17	0
SM-D9E5E_S12	1
SM-D9ER5_S11	1
SM-D9E6R_S45	0
SM-D9EQS_S87	0
SM-D9E67_S65	0
SM-DD43Q_S85	1
SM-D9D8H_S53	0
SM-DAIH6_S31	0
SM-DAIGP_S49	1
SM-DAIGJ_S28	1
SM-DD443_S44	1
SM-DAIFT_S25	0
SM-D9D7X_S61	0
SM-DD44B_S70	1
SM-DAIFI_S10	1
LS-15501_S84	1
SM-DD43R_S34	1
SM-D9E5N_S37	0
SM-D9E5T_S68	0
SM-DAIG6_S22	0
SM-DAIGR_S14	0
SM-D9ER5_S19	0
SM-D9EQM_S52	1
SM-D9E5R_S42	0
SM-DAIFW_S81	0
SM-D9EQK_S08	1
SM-D9D7V_S31	0
SM-DAIFH_S70	0
SM-D9EQJ_S10	0
SM-D9D7X_S46	0
SM-DAIGU_S05	1
SM-DAIG9_S66	1
SM-DAIFA_S39	1
SM-D9D7V_S58	0
SM-D9D7V_S21	1
SM-DD43Q_S96	1
SM-DAIG9_S03	0
SM-D9D8O_S03	0
SM-D9D7W_S93	0
SM-GE63U_S099	0
SM-D9E5R_S52	0
SM-DD43Q_S93	1
SM-DAIG9_S14	1
SM-D9EQT_S38	0
SM-DAIGW_S18	0
SM-D9E5N_S49	0
SM-DD43R_S63	0
SM-DD43R_S32	1
SM-D9E5N_S52	0
SM-DD43N_S14	1
SM-D9E6R_S31	0
SM-D9EQU_S92	0
LS-15532_S03	1
SM-D9EQD_S13	1
SM-D9E5N_S38	0
SM-D9D8O_S12	0
SM-GE631_S108	0
LS-15526_S90	1
SM-D9D8R_S16	0
LS-15396_S79	0
SM-DAIFV_S60	0
SM-GE63U_S015	0
SM-D9D7X_S96	0
SM-DAIFS_S37	1
SM-DD43Q_S82	1
SM-DAIHD_S02	1
SM-DAIGJ_S27	1
SM-DAIH6_S44	0
SM-D9D7V_S42	0
SM-D9D6R_S30	0
SM-DAIGV_S07	1
SM-D9E66_S01	0
SM-D9E5X_S36	0
SM-D9D7Y_S24	0
SM-D9D7V_S72	0
SM-D9E5X_S47	0
SM-DAIHE_S51	1
SM-DAIG6_S50	1
SM-D9E6R_S27	0
SM-D9EQC_S09	0
SM-D9E6R_S46	0
SM-DAIGL_S60	1
SM-D9E5T_S72	0
SM-DD44S_S92	0
SM-DAIG9_S05	1
SM-D9EQM_S86	1
SM-D9EQM_S41	1
SM-D9E5T_S10	1
SM-D9EQJ_S48	1
SM-D9D86_S09	0
SM-DAIGW_S33	1
SM-D9E5N_S43	0
SM-D9E5O_S03	1
SM-DD444_S67	1
SM-D9EQL_S83	0
SM-DD444_S66	1
SM-DAIFT_S41	0
SM-D9EQT_S46	0
SM-DAIGR_S42	0
SM-D9D7X_S88	0
SM-D9D8O_S09	1
SM-DAIGR_S13	0
SM-D9EQC_S06	0
SM-GE659_S013	0
SM-D9D8D_S06	0
SM-DD43R_S31	1
SM-D9D84_S07	1
SM-D9D87_S06	1
SM-D9D8F_S25	0
SM-DAIGL_S42	1
SM-DD444_S68	1
SM-DAIFC_S57	0
SM-D9E5T_S67	0
SM-D9EQH_S55	0
SM-DAIG8_S11	0
SM-DAIG6_S02	0
SM-D9E4M_S32	0
SM-D9CZT_S06	1
SM-D9EQM_S90	1
SM-D9E66_S03	0
SM-DAIG9_S31	0
SM-D9E5R_S62	0
SM-D9D7X_S76	1
SM-D9E5N_S48	0
SM-D9EQE_S34	0
SM-DD43M_S29	1
SM-D9EQU_S91	1
SM-D9D8F_S27	0
SM-DAIFS_S62	0
SM-D9E5E_S32	0
SM-DAIG8_S06	1
LS-15501_S82	1
SM-DD44P_S49	0
SM-DAIFB_S36	0
SM-D9EQI_S39	0
SM-DAIFC_S63	0
SM-GE666_S059	0
SM-D9D7X_S54	0
SM-D9EQJ_S53	1
SM-DD43S_S68	1
SM-D9D7Y_S28	0
SM-DD43Q_S41	1
SM-DD44B_S60	1
SM-D9E5T_S65	0
SM-DAIGV_S06	1
SM-DAIG9_S41	0
SM-D9E6R_S29	0
SM-DAIGJ_S16	0
SM-D9E67_S74	1
SM-DAIGR_S36	1
SM-DAIGV_S31	0
SM-DAIGA_S29	1
SM-DD43Q_S95	1
SM-D9E5W_S39	0
SM-D9EQE_S33	0
SM-D9EQJ_S64	0
SM-D9D7Q_S27	0
SM-GE666_S060	0
SM-D9D7V_S15	0
SM-D9E5O_S41	0
SM-D9D7V_S14	0
SM-DD444_S57	1
SM-DAIGW_S49	1
SM-DAIGP_S56	0
LS-15522_S07	1
SM-D9E5O_S39	0
SM-D9E5O_S06	1
SM-D9E5O_S04	1
LS-15532_S59	1
SM-D9D86_S11	0
SM-D9D8F_S29	0
SM-D9E5R_S61	0
SM-D9D6R_S32	0
SM-D9EQH_S61	0
SM-D9E66_S74	0
SM-D9E5Q_S07	1
SM-D9EQK_S20	1
SM-D9E5E_S14	1
SM-DAIHG_S48	1
SM-DAIGQ_S46	1
SM-DAIHD_S60	1
SM-D9D84_S01	1
SM-DAIGU_S12	1
SM-DD43M_S56	1
SM-DAIGY_S18	1
SM-D9E5X_S55	0
SM-DAIGK_S35	0
SM-DAIGW_S36	1
SM-D9EQM_S59	1
SM-DAIGA_S02	1
SM-DAIHG_S47	1
SM-DAIFI_S01	0
SM-GE63U_S009	0
SM-DD43R_S70	0
SM-D9EQS_S82	0
SM-DAIFS_S34	0
SM-DAIH6_S49	0
SM-DAIGP_S51	1
SM-DAIGA_S44	1
SM-DAIH6_S56	0
SM-DAIFC_S24	0
SM-DAIFS_S11	1
SM-DAIGP_S19	1
SM-D9D8D_S10	0
SM-D9D7B_S04	0
SM-D9D7W_S41	0
SM-GE66H_S155	0
SM-GE66H_S156	0
LS-15524_S76	0
SM-D9E4M_S50	0
SM-DAIH6_S25	0
SM-GE66H_S158	0
SM-DD43S_S72	1
SM-D9D8H_S10	0
SM-DAIGW_S37	1
SM-D9EQL_S88	0
SM-D9D7W_S76	0
SM-DAIFC_S38	0
SM-D9E5S_S19	1
SM-DAIGA_S30	1
SM-GE65R_S143	0
SM-DAIFS_S13	1
SM-DAIHD_S10	1
SM-DAIH5_S46	0
SM-GE65R_S186	0
SM-DD43L_S49	1
SM-DAIFH_S76	0
SM-D9D8R_S30	0
SM-D9D7G_S03	1
SM-GE66H_S159	0
SM-D9E4M_S54	0
SM-D9E5E_S19	1
LS-15501_S46	1
SM-DD43Q_S91	1
SM-GE666_S062	0
SM-DD43Q_S81	1
SM-GE65R_S165	0
LS-15521_S15	1
SM-DAIFH_S79	0
SM-DAIG8_S71	0
SM-DD43N_S09	1
SM-D9D7X_S84	0
SM-DAIFC_S31	0
SM-D9D7Y_S15	1
SM-DAIG8_S41	0
SM-D9D8I_S36	0
SM-GE8ZO_S091	0
SM-DAIFT_S29	0
SM-DAIGW_S14	0
SM-DAIFW_S40	1
SM-DAIG7_S33	1
SM-DAIG9_S45	0
SM-DD44N_S51	1
SM-DAIHG_S86	0
SM-DAIFS_S45	0
SM-D9EQT_S34	0
SM-DAIFS_S58	0
SM-DD43L_S51	1
SM-D9D7W_S10	0
SM-D9D7W_S14	0
SM-D9D84_S12	1
SM-DD44D_S62	1
SM-D9EQL_S09	0
SM-DAIG6_S11	0
SM-D9EQC_S13	0
SM-DD44P_S50	0
SM-DAIG6_S48	0
SM-DAIGA_S19	1
SM-DAIGQ_S15	0
SM-D9E5N_S21	1
SM-DAIGY_S01	1
SM-DAIFT_S28	0
SM-DAIGW_S34	0
SM-DAIFC_S51	0
SM-DAIFT_S17	0
SM-DAIFC_S70	0
SM-DAIG4_S83	0
SM-D9E4M_S38	0
SM-DAIHC_S48	1
SM-DAIG5_S57	0
SM-GE666_S063	0
SM-D9D85_S36	0
SM-D9D6R_S07	0
SM-D9D7Q_S30	1
SM-D9D6R_S02	0
SM-D9EQC_S96	1
SM-D9D7V_S64	0
SM-DAIHG_S56	1
SM-DD44C_S52	1
SM-DAIGY_S09	0
LS-15524_S59	1
SM-DAIFR_S26	0
SM-D9EQD_S21	0
SM-D9D7X_S81	0
SM-D9EQH_S43	0
SM-DD43N_S24	1
SM-D9D7W_S02	0
SM-DD43Q_S72	1
SM-DAIGV_S14	1
SM-D9E67_S87	0
SM-GE65I_S124	0
SM-D9EQH_S60	0
SM-D9E5T_S86	1
SM-D9E66_S84	0
LS-15533_S05	1
SM-D9D7X_S78	0
SM-DAIGW_S03	0
SM-D9E66_S12	0
SM-D9D8Q_S24	0
SM-GE63U_S113	0
SM-DD44S_S86	0
SM-DAIG8_S15	0
SM-DAIGK_S60	0
SM-DAIGL_S22	0
LS-15532_S64	1
SM-DAIGU_S20	1
SM-D9D8D_S11	0
SM-DAIFC_S44	0
SM-DAIFI_S05	1
SM-D9D7X_S87	0
SM-DAIFW_S83	0
SM-DAIFB_S26	0
SM-D9D8O_S40	0
SM-DAIHD_S50	1
SM-D9D8F_S26	0
SM-DAIGQ_S25	0
SM-D9D8C_S14	0
SM-D9E5W_S23	0
SM-DAIFR_S50	0
SM-D9D8H_S07	0
SM-D9D7W_S92	0
SM-D9D7W_S89	0
SM-D9D6R_S10	0
SM-DAIFH_S61	0
SM-D9D85_S54	0
SM-DD43R_S48	1
SM-DAIG4_S28	1
SM-D9D8C_S92	0
LS-15521_S07	1
SM-D9D7V_S62	0
SM-DAIHG_S53	1
SM-D9E5N_S11	0
SM-DAIFC_S17	0
SM-D9EQM_S69	1
SM-GE66H_S180	0
SM-D9D7W_S42	0
SM-D9E5N_S50	0
SM-D9E5S_S34	0
SM-DD444_S60	1
LS-15524_S18	1
SM-DAIFW_S49	1
SM-D9D7X_S49	0
SM-DAIFI_S21	1
SM-DAIGP_S24	1
SM-D9E5R_S46	0
SM-DAIFS_S38	1
SM-D9E5T_S76	1
SM-DAIHG_S61	1
SM-DAIFT_S14	0
SM-GE65R_S163	0
SM-D9D7X_S48	0
SM-GE659_S002	0
LS-15524_S19	1
LS-15501_S77	0
SM-DAIFS_S20	1
LS-15525_S03	0
SM-DAIG6_S44	0
SM-DAIGY_S13	1
SM-D9D8H_S34	0
SM-DAIG4_S55	0
SM-DAIFB_S17	1
SM-DAIGQ_S43	1
SM-DAIG6_S14	0
SM-GE65I_S136	0
SM-D9E5W_S20	0
SM-DD44B_S62	1
SM-DAIFC_S13	0
SM-DAIGY_S20	1
SM-DD44O_S08	1
SM-DAIFB_S31	0
SM-DAIGA_S50	0
LS-15500_S31	1
SM-DAIHC_S55	1
SM-DAIGA_S35	1
SM-D9EQE_S48	0
SM-D9D8Q_S16	0
SM-GE63U_S033	0
SM-DAIGX_S38	1
SM-D9E5N_S94	0
SM-DAIGU_S02	1
SM-D9E5T_S12	1
SM-D9E4M_S49	0
SM-DAIGX_S16	0
SM-DAIFS_S33	1
SM-DAIGV_S30	0
SM-DAIG7_S71	1
SM-DAIGR_S47	0
SM-DAIHC_S54	1
SM-DD44C_S58	1
SM-D9D7Q_S32	1
SM-DD43R_S59	1
SM-GE63U_S006	0
SM-DAIGL_S20	0
SM-DAIFW_S85	0
SM-DAIFS_S41	1
SM-DAIG9_S06	1
SM-D9D8C_S24	0
SM-D9EQM_S77	0
SM-D9D8C_S17	1
SM-DAIG8_S03	1
SM-DAIFS_S06	1
SM-DAIGL_S45	0
SM-D9E5O_S28	1
SM-D9E5E_S28	0
SM-DAIGA_S01	1
SM-D9EQC_S16	0
SM-DAIH6_S28	0
SM-DAIG7_S77	1
SM-DAIHG_S80	1
SM-DAIFR_S02	1
SM-DD443_S41	1
SM-DAIH6_S51	0
SM-D9E5E_S11	1
SM-DD43M_S38	1
SM-GE63U_S041	0
LS-15532_S42	1
SM-DAIH6_S01	0
SM-DAIGJ_S46	1
SM-D9D8O_S15	0
SM-DAIFI_S04	1
SM-DAIGL_S16	0
SM-DAIFT_S05	1
SM-D9E5S_S24	1
SM-D9D85_S56	0
SM-DAIFC_S06	0
SM-DAIFH_S23	1
SM-D9D87_S18	0
SM-DAIFW_S55	1
SM-D9E5N_S15	0
SM-D9EQL_S20	1
SM-D9D8G_S32	0
SM-D9D8R_S35	1
SM-D9E6R_S25	0
SM-D9E5S_S85	1
SM-D9D86_S21	0
SM-D9E66_S13	0
SM-DAIHC_S35	1
SM-DAIHD_S56	1
SM-D9E66_S02	0
SM-DAIG9_S69	1
SM-GE66H_S172	0
SM-D9D8H_S54	0
SM-DAIFI_S75	0
SM-GE666_S076	0
SM-DAIFA_S46	0
SM-DD44N_S49	1
SM-DAIGU_S47	0
SM-D9E4M_S27	0
SM-DAIFH_S78	0
SM-GE659_S001	0
SM-DAIFB_S22	1
SM-D9D8H_S31	0
SM-DD44O_S09	1
SM-D9E5O_S20	1
SM-D9D6R_S13	0
SM-D9E5N_S26	1
SM-DAIGL_S36	0
SM-D9D85_S55	0
SM-DAIFI_S80	0
SM-DAIHG_S79	0
SM-DD44D_S64	1
SM-GE668_S008	0
SM-D9CZT_S01	1
SM-D9D8J_S04	0
SM-D9D7G_S15	1
SM-DAIGK_S54	1
SM-D9EQD_S30	1
SM-DAIH6_S48	0
SM-DAIG4_S23	1
SM-D9E5W_S06	0
SM-DAIGW_S10	0
SM-DAIH6_S53	0
SM-D9E5V_S09	0
SM-DAIFR_S09	0
SM-DAIGP_S14	1
SM-DAIFS_S53	0
SM-DAIHG_S46	1
LS-15526_S72	1
SM-D9D85_S14	0
SM-DAIGK_S69	1
SM-DD44S_S90	0
SM-DAIG8_S12	1
SM-D9E5O_S25	0
SM-D9E6R_S18	0
SM-DD444_S61	1
SM-DAIHG_S44	1
SM-D9D8P_S37	0
SM-DAIGJ_S11	0
SM-GE631_S010	0
SM-DAIG8_S07	1
SM-DAIFC_S61	0
SM-D9E5T_S48	0
SM-DD43Q_S73	1
SM-DAIHE_S42	1
SM-D9D87_S01	0
SM-D9EQJ_S55	0
SM-DAIHE_S41	1
SM-DAIH6_S07	0
SM-D9E5T_S38	0
SM-DAIGX_S36	1
SM-D9ER5_S09	1
SM-D9E66_S77	0
SM-DAIGW_S50	1
SM-DAIH6_S47	0
LS-15534_S01	1
SM-DAIG6_S63	0
SM-D9E5R_S64	0
LS-15524_S75	1
SM-DAIG8_S10	0
SM-GE631_S112	0
SM-DAIGV_S48	0
SM-DAIG9_S17	0
SM-DD43M_S42	1
SM-D9E67_S45	0
SM-DAIG4_S17	1
SM-D9D8H_S40	0
SM-D9D8P_S41	0
SM-DAIH6_S03	0
SM-DAIFS_S08	1
SM-D9D8E_S33	0
SM-DAIFS_S61	0
SM-D9D8Q_S04	0
SM-DAIGA_S54	0
SM-D9E5O_S23	0
SM-DD444_S62	1
SM-DAIGV_S03	0
SM-D9D8S_S21	0
SM-DAIGX_S02	0
SM-D9D8R_S44	0
SM-DAIHD_S15	1
SM-DAIGL_S43	0
SM-DAIFC_S71	0
SM-DAIGA_S43	1
SM-DAIGW_S40	0
SM-DAIHG_S78	1
LS-15534_S13	1
SM-D9EQS_S88	0
SM-D9EQT_S43	0
SM-D9EQJ_S58	0
SM-DAIGA_S70	0
SM-DD44S_S96	0
SM-DAIG4_S53	0
SM-D9E5T_S15	1
SM-GE8ZO_S043	0
SM-DD43Q_S60	1
SM-D9ER5_S02	0
SM-DAIGK_S23	0
SM-D9D7W_S67	0
SM-D9D7W_S47	0
SM-DD44A_S89	1
LS-15524_S11	1
SM-DAIFC_S42	0
SM-D9EQD_S14	1
SM-DD43Q_S94	1
SM-D9D6R_S15	0
SM-DAIGX_S20	0
SM-GE63U_S104	0
SM-D9EQM_S78	0
SM-GE66H_S177	0
SM-DAIGU_S11	1
SM-D9D8R_S13	0
SM-DAIFC_S59	0
SM-D9E67_S44	0
SM-DAIGV_S11	0
SM-DAIFW_S69	0
SM-DD43S_S57	1
LS-15524_S15	1
SM-DAIG6_S47	0
SM-D9D8C_S90	0
LS-15520_S12	1
SM-D9D86_S18	0
SM-DAIGX_S17	0
SM-DD44S_S95	0
SM-D9D8G_S24	0
SM-D9E67_S88	0
SM-GE666_S069	0
SM-D9E5T_S85	1
SM-DAIFR_S06	0
SM-D9D85_S42	0
SM-DAIG9_S15	1
SM-D9D7W_S94	0
SM-DAIGJ_S54	0
SM-DAIFI_S06	1
SM-D9EQL_S17	1
LS-15520_S41	1
SM-GE659_S007	0
SM-D9E5X_S42	0
SM-D9E5E_S23	1
SM-D9E5V_S16	1
SM-D9E66_S24	0
SM-D9EQM_S71	1
SM-DAIHD_S13	1
SM-DAIGL_S10	1
LS-15501_S35	0
SM-DAIHD_S64	1
SM-D9EQM_S57	0
LS-15534_S02	1
SM-D9D8C_S21	1
LS-15501_S29	0
SM-GE65A_S140	0
SM-DAIGX_S45	1
SM-D9EQI_S38	0
SM-DAIHG_S71	1
SM-D9EQH_S45	0
SM-D9D6R_S14	0
SM-DAIFW_S50	0
SM-D9D8E_S51	0
SM-DAIFR_S54	1
SM-DAIGW_S24	0
SM-DAIGQ_S24	0
SM-DAIGX_S40	1
SM-D9D85_S41	0
SM-DAIGP_S18	0
SM-D9D8G_S28	0
SM-DD44O_S14	1
SM-D9E5N_S18	1
SM-DAIGV_S25	0
SM-D9E5O_S36	0
SM-D9EQK_S16	0
SM-DD43R_S71	0
SM-DAIGY_S10	0
SM-DAIGY_S12	1
SM-DAIG9_S44	1
SM-DAIGJ_S29	0
SM-D9EQL_S14	0
SM-D9E67_S67	0
SM-D9EQK_S55	1
SM-D9D7W_S68	0
SM-DAIGA_S47	1
SM-DAIFU_S37	0
SM-DAIGR_S20	0
SM-DAIGA_S46	0
SM-DAIHC_S64	1
SM-DAIGQ_S07	0
SM-D9D7Y_S31	0
SM-D9E66_S18	0
SM-DAIGU_S34	1
SM-DD444_S53	1
LS-15524_S85	0
SM-D9EQS_S86	0
SM-D9E5V_S06	1
SM-D9EQF_S02	1
SM-GE65R_S122	0
SM-D9EQD_S06	0
SM-D9E5W_S25	0
SM-DD43S_S70	1
SM-DAIFU_S14	0
SM-D9D84_S23	1
SM-DD43Q_S92	1
SM-DAIFI_S71	0
SM-DD43N_S19	1
SM-DAIFH_S66	0
SM-DD43M_S53	1
SM-DAIFW_S87	0
LS-15532_S04	0
SM-D9D8O_S38	0
SM-GE8ZO_S047	0
SM-D9D7X_S91	0
LS-15510_S08	0
LS-15510_S13	1
SM-D9D7X_S57	0
SM-D9D8D_S22	0
SM-D9E5Q_S15	1
SM-DD443_S51	1
SM-D9EQE_S35	0
SM-D9D8H_S05	0
SM-D9D8K_S04	0
SM-DAIGJ_S47	0
SM-DAIGA_S31	0
SM-D9E5N_S39	0
SM-D9E5T_S91	0
SM-D9E5U_S13	1
SM-DAIGR_S16	0
SM-DAIHG_S43	1
SM-DAIGV_S22	0
SM-D9EQK_S49	0
SM-DAIG8_S08	1
SM-D9EQC_S01	0
SM-D9EQT_S47	0
SM-DAIGW_S23	0
SM-D9EQD_S01	1
SM-DAIGW_S55	1
SM-DAIGW_S32	1
SM-DD44B_S67	1
SM-D9E5S_S10	0
SM-DAIGL_S61	0
SM-DAIGK_S26	0
SM-DD43L_S45	1
SM-DAIGK_S06	1
SM-D9E5U_S08	1
SM-DAIHG_S75	1
SM-D9EQD_S10	0
SM-D9D8I_S79	0
SM-D9D8G_S38	0
SM-D9D8R_S27	1
SM-D9E5N_S30	1
SM-D9E5N_S56	0
SM-D9D86_S08	0
SM-D9EQF_S20	1
SM-GE668_S016	0
SM-DD44B_S65	1
SM-DAIFB_S19	0
SM-DAIGK_S52	0
SM-DAIFV_S54	0
SM-DAIFW_S61	0
SM-D9EQH_S51	0
SM-DAIFC_S72	0
SM-DAIGX_S33	0
SM-DAIGX_S04	0
SM-DD44A_S96	1
SM-D9E5S_S37	0
SM-DD44N_S53	1
SM-D9EQH_S42	0
SM-D9E6R_S30	0
SM-D9EQD_S24	1
SM-D9E5E_S48	0
SM-DAIGU_S46	1
SM-DAIG6_S09	0
SM-D9EQF_S13	1
SM-DAIG7_S47	0
SM-D9EQM_S43	1
SM-D9E4M_S35	0
SM-DAIG5_S51	0
SM-DD43M_S49	1
SM-DAIGU_S07	1
SM-DAIGA_S16	1
SM-D9D8S_S02	0
SM-DAIG8_S26	0
SM-DD43N_S10	1
SM-D9D8C_S15	0
SM-DAIFI_S18	1
SM-D9D8E_S54	0
SM-D9D7X_S62	0
SM-DAIGR_S33	1
SM-D9D8S_S18	0
SM-GE65I_S102	0
SM-DAIG7_S96	1
SM-DAIHD_S41	1
SM-DAIHG_S51	1
SM-D9D8J_S07	0
SM-DAIHD_S06	1
SM-D9D7Y_S03	1
SM-DAIH6_S37	0
SM-DAIHD_S14	1
SM-DAIG9_S19	0
SM-D9D6R_S25	0
SM-DAIGW_S35	1
SM-DAIHG_S70	0
SM-DAIGW_S28	1
SM-DAIGR_S49	0
SM-DAIGW_S04	0
SM-DAIFW_S67	0
SM-D9D7W_S15	0
SM-DAIG4_S14	0
SM-DAIGX_S34	1
SM-DAIGX_S29	1
SM-DAIFI_S49	0
SM-DAIGL_S48	0
LS-15520_S51	1
SM-DAIGA_S42	0
SM-GE631_S107	0
SM-DAIGP_S15	1
SM-D9E5E_S10	1
SM-D9E5R_S60	0
SM-D9D85_S30	0
SM-GE8ZO_S055	0
SM-DD43M_S44	1
SM-GE8ZO_S048	0
LS-15501_S83	1
SM-DD44N_S54	1
SM-DAIHD_S48	1
SM-DAIFH_S68	0
SM-DAIFR_S11	1
SM-DAIGL_S46	1
SM-D9E5T_S24	0
SM-D9EQE_S42	0
SM-D9D85_S26	0
SM-D9D7W_S19	0
SM-D9E5O_S54	0
SM-DAIFB_S40	0
SM-DAIFW_S86	0
SM-DD43Q_S75	1
SM-D9D8P_S45	0
SM-DAIGW_S54	1
SM-DAIG6_S12	0
SM-GE631_S014	0
SM-DAIG7_S79	1
SM-DAIG8_S32	0
SM-D9D6R_S09	0
SM-DAIH5_S54	0
SM-D9D8Q_S17	0
SM-DAIG9_S04	0
SM-D9D7W_S96	0
SM-D9D8Q_S01	0
SM-DAIFB_S38	0
SM-DAIFT_S09	1
SM-D9D7W_S43	0
SM-D9D8Q_S09	0
SM-DAIFB_S23	0
SM-D9D8Q_S05	0
SM-D9D87_S07	0
SM-DAIG9_S60	0
SM-D9D87_S26	0
SM-D9D8G_S39	0
SM-DAIGQ_S28	0
SM-GE63U_S107	0
SM-DAIGY_S23	1
SM-DAIFS_S04	0
SM-DAIFW_S54	0
SM-DAIG5_S56	0
SM-DAIFR_S04	1
SM-D9D8H_S12	0
SM-D9D8H_S29	0
SM-DAIFR_S30	1
SM-DAIFA_S42	1
SM-DAIGQ_S01	0
SM-D9D8H_S13	0
SM-DAIFA_S45	0
SM-DAIGV_S17	1
SM-DAIFU_S26	0
SM-D9D8P_S55	0
SM-DAIFH_S21	1
SM-DAIGL_S40	0
SM-DAIFU_S27	0
SM-D9D8O_S35	0
SM-DAIGL_S39	0
SM-DAIGQ_S27	0
SM-GE63U_S117	0
SM-DAIGA_S14	1
SM-D9D8O_S28	1
SM-DAIFI_S23	1
SM-DAIFC_S65	0
SM-DAIGA_S39	0
SM-DAIFC_S46	0
SM-D9D8I_S39	0
SM-DAIFI_S09	1
SM-DAIGA_S40	0
SM-D9D7X_S75	0
SM-DAIGU_S15	1
SM-D9D7X_S44	0
SM-DAIFC_S19	0
SM-DAIGA_S71	0
SM-DD44S_S84	0
SM-DD44R_S58	0
SM-D9EQT_S62	1
SM-DD44D_S57	1
SM-D9E5U_S02	0
SM-DD44S_S85	0
SM-DAIG4_S11	0
SM-D9D7X_S82	0
SM-DAIGX_S43	0
SM-D9E5O_S52	0
SM-DAIGU_S21	1
SM-D9D8R_S22	0
SM-D9EQJ_S43	0
SM-D9E5O_S49	0
SM-DAIGX_S03	0
SM-D9D8C_S83	0
SM-DAIGJ_S25	0
SM-DAIGX_S39	0
SM-D9E5U_S06	1
SM-D9D8C_S23	0
SM-D9EQJ_S07	0
SM-DAIGJ_S10	0
SM-DD43R_S52	1
SM-D9E5O_S42	0
SM-D9E5S_S93	0
SM-DAIGP_S45	0
SM-DAIGK_S16	0
SM-DD44C_S62	1
SM-DAIGP_S02	1
SM-D9E5S_S87	1
SM-DD43Q_S43	0
SM-DAIGK_S70	0
SM-DD43Q_S48	0
LS-15532_S60	1
SM-DD44A_S91	1
SM-DD43R_S26	1
SM-DD43Q_S44	1
SM-DD43Q_S71	1
LS-15525_S06	0
SM-DD44O_S16	1
SM-DD43M_S39	1
LS-15500_S20	0
SM-DD43L_S55	1
SM-D9EQE_S43	0
SM-D9E5W_S30	0
LS-15501_S74	1
LS-15532_S57	1
LS-15533_S13	1
SM-DD444_S69	1
SM-DD444_S65	1
SM-D9E5T_S30	1
SM-D9EQD_S19	0
SM-D9EQU_S90	0
SM-D9E5T_S75	1
SM-D9E5N_S33	0
SM-D9E5N_S92	0
SM-D9E5N_S90	1
SM-D9E67_S69	0
SM-D9E5V_S07	0
SM-D9E5V_S01	0
SM-D9E67_S68	0
SM-D9E5Q_S04	1
SM-D9E67_S86	0
SM-D9E5Q_S01	0
SM-D9EQC_S04	0
SM-D9EQS_S92	0
SM-D9E4M_S55	0
SM-D9EQK_S04	1
SM-D9EQK_S10	1
SM-D9EQF_S21	1
SM-D9EQF_S07	1
SM-DAIGK_S53	0
SM-D9E5O_S21	0
SM-DD444_S56	1
SM-DAIGP_S44	0
SM-DD444_S59	1
SM-DAIFW_S56	1
SM-DAIGP_S16	1
SM-DAIGR_S15	0
SM-DD444_S58	1
SM-DAIGL_S65	0
SM-D9EQT_S63	1
SM-D9EQF_S19	1
SM-DAIFI_S65	0
SM-D9EQF_S17	1
SM-DAIFH_S10	1
SM-D9E5N_S29	1
SM-D9EQT_S52	0
SM-D9E5N_S24	1
SM-D9E5N_S23	1
SM-DAIFT_S47	0
SM-DAIGK_S68	0
SM-DD444_S55	1
SM-DAIGK_S55	0
SM-DAIGR_S56	0
SM-DAIGJ_S45	1
SM-D9EQJ_S15	0
SM-DAIFI_S76	0
SM-D9EQF_S04	1
SM-DAIG6_S58	0
SM-D9E5O_S46	0
SM-DAIGJ_S56	1
SM-D9EQJ_S50	0
SM-DAIGK_S20	0
SM-D9E5O_S05	1
SM-D9EQJ_S52	0
SM-D9E5N_S54	0
SM-D9EQJ_S63	0
SM-D9E5O_S27	0
SM-DAIFW_S73	0
SM-D9E5O_S40	0
SM-DAIG6_S35	0
SM-DAIGL_S14	0
SM-DAIFI_S51	0
SM-DAIGJ_S52	0
SM-D9E5O_S08	0
SM-DAIFI_S77	0
SM-DAIFI_S78	0
SM-D9E5W_S22	0
SM-DAIFT_S16	0
SM-D9E5O_S43	0
SM-D9E5W_S31	0
SM-DAIGR_S54	0
SM-D9EQJ_S04	0
SM-D9E5W_S10	1
SM-DAIFC_S22	0
SM-DAIGY_S24	0
SM-D9E5O_S56	0
SM-DAIGL_S26	0
SM-DD443_S55	1
SM-DD443_S50	1
SM-DAIGK_S04	0
SM-D9E5W_S29	0
SM-DAIFC_S20	0
SM-DAIGK_S62	0
SM-DAIGY_S21	1
SM-D9EQJ_S49	0
SM-DAIGL_S34	0
SM-DAIFB_S20	0
SM-DD443_S49	1
SM-D9EQJ_S08	0
SM-DAIFB_S39	0
SM-DAIG9_S36	0
SM-D9EQJ_S11	0
SM-DAIGK_S15	1
SM-D9E5U_S16	1
SM-DAIGY_S19	1
SM-DAIFB_S25	0
SM-DAIFC_S08	0
SM-D9E5U_S21	1
SM-DAIGK_S51	0
SM-DAIFB_S24	1
SM-DAIGK_S13	0
SM-D9EQM_S88	1
SM-D9E5U_S10	1
SM-DAIFC_S53	0
SM-DAIFC_S04	0
SM-DAIGW_S19	0
SM-D9EQM_S36	0
SM-DAIG6_S15	0
SM-D9EQM_S49	1
SM-D9E5X_S56	0
SM-DD44P_S62	0
SM-D9EQM_S87	1
SM-DAIFR_S28	0
SM-DD44C_S61	1
SM-D9E5X_S52	0
SM-DAIFR_S01	0
SM-D9E5E_S07	0
SM-DAIFC_S67	0
SM-DD44C_S56	1
SM-DAIFS_S22	1
SM-DAIGW_S27	1
SM-DAIG9_S29	0
SM-DAIFS_S46	0
SM-DD44C_S51	1
SM-D9EQM_S35	0
SM-DAIGX_S47	0
SM-DAIFS_S60	0
SM-DAIFC_S26	0
SM-D9EQM_S89	1
SM-D9EQE_S45	0
SM-DAIG9_S67	0
SM-D9E5E_S04	1
SM-DAIFS_S18	0
SM-DAIG5_S59	0
SM-DAIG4_S25	1
SM-DAIGU_S14	0
LS-15396_S85	0
SM-DAIGQ_S35	1
LS-15526_S77	1
SM-D9EQK_S22	1
SM-D9EQK_S17	0
SM-DAIGQ_S29	0
LS-15510_S39	0
SM-DAIGQ_S11	0
SM-D9EQK_S53	0
SM-D9EQK_S52	0
SM-DAIGU_S39	0
SM-DAIG5_S53	0
SM-DAIGU_S40	1
SM-D9EQK_S05	0
SM-D9EQK_S56	1
SM-DAIG8_S19	1
SM-D9E5Q_S16	0
SM-DAIG5_S46	0
SM-D9E5Q_S03	0
SM-D9E5Q_S05	1
SM-D9E5T_S20	1
SM-DAIGV_S42	0
SM-D9E5T_S60	0
SM-DAIGU_S22	1
SM-DAIGU_S23	1
SM-DAIGU_S55	0
SM-DAIGU_S04	1
SM-DAIGU_S37	1
SM-DAIGV_S26	0
SM-D9E5T_S06	0
SM-DAIGV_S19	1
SM-DAIGU_S10	1
SM-DAIGV_S05	1
SM-DAIG7_S95	1
SM-D9EQL_S10	1
SM-D9EQL_S85	0
SM-D9E5T_S32	1
SM-D9D7Q_S28	1
SM-DAIG7_S63	1
SM-D9D7G_S05	1
SM-D9E67_S72	0
SM-D9D8H_S30	0
SM-D9E67_S71	0
SM-D9EQS_S81	0
SM-D9D86_S37	0
SM-D9D84_S08	1
SM-D9D84_S02	1
SM-D9D84_S11	1
SM-GE65I_S132	0
SM-D9D84_S15	1
SM-DAIH6_S35	0
SM-D9E5R_S48	0
SM-D9E5R_S51	0
SM-DAIH5_S42	0
SM-D9D86_S07	0
SM-DAIH5_S48	0
SM-DD43M_S48	1
SM-D9CZT_S08	1
SM-DAIH6_S30	0
SM-GE66H_S185	0
SM-D9D8D_S18	0
SM-DAIHC_S42	1
SM-DD43M_S47	1
SM-D9D8D_S08	0
SM-DAIHC_S53	1
SM-DAIH6_S52	0
SM-DAIH6_S39	0
SM-GE631_S004	0
SM-GE65R_S162	0
SM-DD43S_S58	1
SM-DD43Q_S88	1
SM-DD43Q_S87	1
SM-DAIHD_S43	1
SM-DAIHD_S61	1
SM-D9D8F_S17	0
SM-DD43Q_S64	1
SM-GE631_S007	0
SM-DAIHG_S64	1
SM-DD43Q_S53	1
SM-DAIHG_S69	1
SM-GE8ZO_S045	0
SM-D9D7W_S77	0
SM-D9D7W_S12	0
SM-DAIHG_S90	0
SM-D9D7W_S22	0
SM-DD43Q_S79	1
SM-D9D7W_S45	0
SM-DD43R_S42	1
SM-D9D7W_S85	0
SM-D9D85_S25	0
SM-D9D85_S49	0
SM-DD43R_S58	1
SM-D9D85_S33	0
SM-DD43R_S66	1
SM-D9D7W_S83	0
SM-D9D7W_S51	0
SM-DD43R_S25	1
SM-GE668_S011	0
SM-D9D8P_S51	0
SM-D9D7W_S80	0
SM-D9D7W_S87	0
SM-D9D7W_S78	0
SM-D9D7Y_S06	0
SM-D9D87_S13	0
SM-D9D7Y_S04	0
SM-D9D7Y_S36	0
SM-D9D8G_S06	0
SM-D9D8G_S34	0
SM-D9D8G_S27	0
SM-D9D8Q_S18	0
SM-D9D7V_S68	0
SM-D9D8G_S25	0
SM-D9D7V_S13	1
SM-D9D7V_S70	0
SM-D9D8K_S08	0
SM-D9D7V_S69	0
SM-D9D7V_S08	0
SM-D9D8K_S28	0
SM-D9D7V_S12	0
SM-D9D7V_S01	0
SM-D9D8I_S38	0
SM-D9D7V_S18	1
SM-D9D8I_S47	0
SM-D9D8O_S01	0
SM-D9D7B_S08	1
SM-D9D7X_S90	0
SM-D9D7X_S92	0
SM-D9D8E_S52	1
SM-DAIFC_S35	0
SM-D9EQE_S38	0
SM-D9EQT_S61	1
SM-DAIFS_S14	1
SM-DD44A_S82	1
SM-DAIFS_S43	0
SM-DAIFH_S73	0
SM-DAIFS_S01	0
SM-DD44A_S94	1
SM-DAIFS_S19	0
SM-DAIFU_S11	0
SM-D9E5W_S36	0
LS-15524_S81	1
SM-D9ER5_S23	1
LS-15526_S86	1
LS-15510_S02	1
SM-D9EQL_S86	0
SM-DAIH6_S06	0
SM-DD443_S48	1
SM-DD443_S53	1
SM-D9E67_S76	0
SM-D9EQD_S04	1
SM-D9D8D_S01	0
SM-DAIGV_S12	0
SM-DAIG8_S29	0
SM-D9EQC_S05	0
SM-DAIHG_S41	1
SM-D9EQF_S24	1
SM-D9D7X_S53	0
SM-DAIGR_S18	0
SM-DAIGR_S11	0
SM-D9D7W_S74	0
SM-D9D7V_S57	0
SM-DAIG4_S48	0
SM-D9D7V_S61	0
SM-D9D7W_S46	0
SM-D9D7W_S73	0
SM-DAIGQ_S05	0
SM-DAIGW_S20	0
SM-D9EQT_S53	1
SM-DAIGR_S40	1
SM-DAIG9_S58	1
SM-DAIGJ_S23	0
SM-DAIG9_S01	1
SM-DAIGX_S41	1
SM-DAIFT_S20	0
SM-D9ER5_S01	1
SM-D9E5E_S24	1
SM-DAIGP_S13	1
SM-DAIGW_S30	1
SM-D9EQD_S22	1
SM-DAIGW_S01	0
SM-DD43M_S27	0
SM-DAIGU_S16	1
SM-DAIG4_S22	1
SM-D9EQE_S64	0
SM-DAIG4_S82	0
LS-15524_S50	1
SM-D9D7G_S08	1
SM-DAIH6_S32	0
SM-D9D8E_S53	1
LS-15510_S20	0
SM-D9E5T_S31	1
LS-15521_S44	1
SM-D9D8G_S37	0
SM-D9D8O_S23	0
SM-DAIFC_S56	0
SM-D9EQE_S41	0
SM-DAIFC_S60	0
SM-D9EQE_S63	0
SM-D9E5S_S78	1
SM-DAIFS_S70	0
SM-D9EQE_S47	0
SM-DAIGA_S36	1
SM-DAIGA_S15	0
SM-DD44N_S52	1
SM-DAIFU_S16	0
SM-DAIGW_S08	0
SM-DD44N_S55	1
SM-DD44B_S64	1
SM-DAIGX_S10	0
SM-D9EQD_S31	1
SM-D9EQD_S16	1
SM-D9EQD_S23	1
SM-D9EQD_S11	0
SM-DAIG4_S09	0
LS-15524_S64	1
SM-DAIGX_S42	1
LS-15501_S48	0
SM-D9E66_S10	0
SM-D9E5S_S92	0
SM-DAIG4_S16	0
SM-DAIG8_S24	1
SM-DAIGQ_S42	1
SM-DAIGQ_S48	1
SM-D9E66_S83	0
SM-D9E66_S78	0
SM-D9E5S_S76	1
SM-D9E5S_S80	0
SM-D9E66_S06	0
LS-15510_S33	0
SM-D9D8F_S12	0
SM-DAIGP_S54	1
SM-DAIGK_S05	1
SM-D9D8K_S02	0
SM-DAIGL_S21	0
SM-D9D8I_S73	0
SM-D9EQC_S10	0
SM-D9D8K_S03	0
SM-D9E5Q_S06	0
LS-15532_S41	1
LS-15510_S19	0
SM-D9D7B_S01	1
SM-D9D7V_S20	1
LS-15533_S03	1
SM-DD44A_S93	1
SM-D9EQE_S44	0
SM-D9E5S_S17	0
LS-15526_S89	0
SM-D9D7W_S09	0
SM-D9E5T_S63	0
SM-D9E5T_S19	1
SM-D9D7W_S86	0
SM-DD43R_S37	1
SM-DD43R_S44	1
SM-D9D8S_S24	0
SM-D9D8C_S10	1
SM-DAIFI_S72	0
SM-DAIGX_S26	1
SM-GE66H_S192	0
SM-GE65I_S141	0
SM-DAIFI_S69	0
SM-DAIH6_S36	0
SM-GE65R_S190	0
SM-DAIG6_S60	0
SM-DAIHD_S57	1
SM-DAIFS_S54	1
SM-D9EQD_S05	1
SM-DAIGY_S17	1
SM-D9E66_S21	0
SM-DAIFC_S62	0
SM-D9E66_S85	0
SM-DAIFC_S49	0
SM-DAIGA_S69	0
SM-DAIFC_S50	0
SM-DAIG4_S32	0
SM-DAIG7_S39	0
SM-DAIGU_S08	1
SM-DAIGP_S21	0
SM-DAIGK_S36	0
SM-D9E66_S80	0
SM-D9E67_S50	0
SM-DD43N_S20	1
SM-DAIFS_S55	0
LS-15532_S55	0
SM-DD43Q_S57	1
SM-DD43Q_S59	1
LS-15501_S80	1
SM-DAIFB_S35	0
SM-DAIFH_S01	1
SM-D9D7W_S66	0
SM-D9EQT_S35	0
SM-DAIFC_S14	0
SM-D9D84_S09	1
SM-D9D84_S16	1
SM-D9D84_S24	1
SM-DAIFC_S52	0
SM-DAIGJ_S26	0
SM-DAIGJ_S51	0
SM-DAIG4_S29	0
SM-DAIGV_S21	1
SM-DAIGR_S46	0
SM-DAIGA_S34	0
SM-DAIGV_S09	1
SM-DAIGP_S50	0
SM-DAIH6_S43	0
SM-D9E5T_S23	1
SM-D9EQM_S94	1
SM-D9E4M_S37	0
SM-D9ER5_S05	1
SM-DAIGU_S36	0
SM-DAIFS_S36	1
SM-DAIG5_S45	0
SM-DAIFI_S56	0
SM-DAIGQ_S44	1
SM-DAIGQ_S38	1
SM-D9D8G_S26	0
SM-D9D8H_S43	0
SM-D9EQD_S12	1
SM-D9D8G_S40	0
SM-D9D85_S08	0
SM-DAIGU_S35	0
SM-DAIGQ_S30	0
SM-DD44A_S83	1
SM-DAIHG_S58	1
SM-GE67S_S060	0
SM-DAIHG_S94	1
SM-DAIGK_S58	1
SM-DAIGJ_S43	0
SM-D9E5T_S66	0
SM-DAIGQ_S02	0
SM-D9EQM_S46	1
SM-D9E5T_S11	1
LS-15510_S15	0
SM-DAIFI_S52	0
SM-D9E5U_S04	1
SM-DAIGL_S67	0
SM-DAIGQ_S19	0
SM-D9EQJ_S45	0
LS-15534_S03	1
SM-DAIG6_S16	0
SM-D9E5E_S39	0
SM-DAIGP_S11	1
SM-DAIGJ_S55	0
SM-D9E5Q_S02	1
SM-DAIGP_S53	1
SM-DAIGP_S52	1
SM-D9E5R_S69	0
LS-15510_S04	1
SM-DD43L_S62	1
SM-D9E66_S11	0
SM-GE63U_S038	0
SM-DAIG8_S09	0
SM-DD43R_S68	0
SM-GE666_S096	0
SM-DD43S_S62	1
SM-D9E5W_S34	0
SM-DD43S_S51	1
SM-D9D84_S14	1
SM-D9EQL_S23	1
SM-D9D85_S48	0
SM-D9D84_S05	1
SM-D9D8S_S23	0
SM-D9D8K_S07	0
SM-D9D7Q_S25	1
SM-D9D8K_S01	0
SM-DD44P_S48	0
SM-D9D8I_S33	0
SM-D9D8I_S43	1
SM-D9D8I_S35	0
SM-DD44B_S59	1
SM-D9D7B_S07	1
SM-D9D8C_S02	0
SM-D9D8C_S87	1
SM-D9D8C_S95	0
SM-D9D8O_S20	0
SM-DAIGP_S20	0
SM-D9D7Q_S24	1
SM-DAIG8_S47	0
SM-D9D8G_S31	0
SM-DD443_S45	1
SM-D9E5T_S05	0
SM-DD44O_S11	1
SM-DAIFI_S79	0
SM-DAIGU_S01	1
SM-D9D8K_S25	0
SM-D9D8G_S04	0
SM-D9E5N_S47	0
SM-DD43R_S56	1
SM-D9EQL_S11	1
SM-D9E5W_S16	1
SM-DAIGA_S51	0
SM-D9E5T_S36	0
SM-D9EQM_S62	0
SM-D9D8R_S32	0
SM-D9EQK_S01	0
SM-GE631_S012	0
SM-GE65I_S115	0
SM-D9D8G_S43	0
SM-D9D8G_S48	0
LS-15525_S01	0
LS-15501_S86	1
SM-D9EQI_S31	0
LS-15522_S49	1
SM-D9E4M_S36	0
SM-D9EQT_S50	0
SM-D9E5X_S38	0
SM-DAIHG_S87	1
SM-GE668_S009	0
SM-DAIGK_S17	0
SM-DAIGK_S22	0
SM-DAIHG_S92	1
SM-DAIG7_S43	0
SM-GE65A_S137	0
SM-DAIGU_S41	1
SM-DAIGV_S45	0
SM-DAIGV_S15	0
SM-DAIGV_S02	1
LS-15526_S79	1
LS-15522_S04	1
SM-D9EQM_S91	0
SM-D9EQK_S14	1
SM-D9D8H_S49	0
LS-15500_S14	1
SM-D9E5N_S44	0
SM-DAIGP_S12	1
SM-DAIGP_S48	1
SM-DD43Q_S67	1
SM-D9EQL_S12	1
SM-D9EQS_S85	0
SM-D9EQE_S46	0
SM-DD43L_S42	1
SM-D9EQT_S45	0
SM-D9E5N_S17	1
SM-D9D7B_S10	1
SM-GE63U_S005	0
SM-GE63U_S101	0
SM-DAIFS_S50	0
SM-DAIFC_S10	0
SM-DAIG6_S55	0
SM-DD43M_S32	1
SM-GE65R_S189	0
SM-D9E5N_S34	0
SM-DAIFH_S60	0
SM-DAIH6_S40	0
SM-DAIFC_S03	0
SM-DAIHG_S85	1
SM-DD44C_S50	1
SM-DAIFA_S37	1
SM-DAIGA_S33	1
SM-DD44O_S05	1
SM-D9EQL_S16	1
LS-15533_S12	1
SM-DAIG9_S02	1
SM-DAIGA_S52	0
SM-D9D7V_S25	0
SM-D9D8R_S28	1
SM-DAIG9_S09	1
SM-DAIGR_S28	0
LS-15510_S28	0
SM-D9D7G_S09	1
SM-GE65R_S152	0
SM-DD444_S54	1
SM-D9E5N_S35	0
SM-GE65R_S137	0
SM-DD43L_S57	1
SM-GE631_S001	0
SM-DAIGP_S10	0
SM-DD43R_S38	1
SM-D9E5O_S02	1
SM-D9E5V_S13	1
LS-15501_S45	1
SM-D9E5E_S22	0
SM-D9EQJ_S01	0
SM-D9D8C_S22	1
SM-DAIHC_S44	1
SM-DAIFW_S60	0
SM-D9D7Q_S20	1
SM-D9E5O_S30	0
SM-D9EQK_S03	0
SM-D9D85_S01	1
SM-D9E5O_S26	0
SM-DD43L_S63	1
